env	variant	workload	n_reps	cpu_ratio	llcmr_pred	llcmr_gt	membw_pred	membw_gt
bare	v2.1	app01_ml_llc	12	0.9442	7.0000	8.2929	134.2500	176584583.0000
bare	v2.1	app05_streaming	12	0.9731	97.0000	94.9915	7144.2500	1354390184.2500
bare	v2.1	app10_search	12	0.9717	5.0000	10.2366	2.0000	1833211.5000
bare	v2.1	app11_sort_net	12	0.9733	15.0000	11.6527	4055.7500	157332317.5000
bare	v2.1	app13_query_scan	12		16.0000	53.3178	94.5000	66214017.2500
bare	v2.1	app16_cpu_oversub	12	0.9709	26.0000	25.6864	125.5000	21383003.5000
bare	v2.1	app17_mem_pressure	12	0.9808	91.0000	96.3405	1302.0000	525052777.2500
bare	v3.3	app01_ml_llc	12	0.9648	5.0000	5.5381	107.0000	121915097.5000
bare	v3.3	app05_streaming	12	0.9753	96.0000	94.4425	6691.2500	1322948806.5000
bare	v3.3	app10_search	12	0.9737	5.0000	8.1199	2.0000	1424829.5000
bare	v3.3	app11_sort_net	12	0.9827	18.0000	14.3166	4215.7500	186382013.0000
bare	v3.3	app13_query_scan	12		12.0000	51.1286	55.0000	49223815.7500
bare	v3.3	app16_cpu_oversub	12	0.9723	25.0000	24.4239	124.5000	20518961.2500
bare	v3.3	app17_mem_pressure	12	0.9842	90.2500	96.1122	1162.7500	521604111.5000
container	v2.1	app01_ml_llc	12	0.9391	6.0000	6.4639	108.0000	132147358.7500
container	v2.1	app05_streaming	12	0.9735	96.0000	94.9512	6654.7500	1360550595.0000
container	v2.1	app10_search	12	0.9725	6.0000	11.0463	2.0000	1997491.5000
container	v2.1	app11_sort_net	12	0.9743	11.0000	9.1936	2907.0000	124804210.5000
container	v2.1	app13_query_scan	12		17.0000	50.4652	52.2500	34279478.5000
container	v2.1	app16_cpu_oversub	12	0.9715	25.0000	24.1356	121.0000	20095674.0000
container	v2.1	app17_mem_pressure	12	0.9832	94.0000	96.4880	1239.0000	545918521.7500
container	v3.3	app01_ml_llc	12	0.9395	6.0000	5.9054	107.2500	121826594.5000
container	v3.3	app05_streaming	12	0.9754	96.0000	94.3971	6460.0000	1328697790.5000
container	v3.3	app10_search	12	0.9735	5.0000	8.9883	2.0000	1582909.2500
container	v3.3	app11_sort_net	12	0.9797	21.0000	15.2717	4694.0000	189810496.2500
container	v3.3	app13_query_scan	12		12.0000	50.3883	47.5000	44684749.5000
container	v3.3	app16_cpu_oversub	12	0.9728	25.0000	24.4423	124.7500	20497184.7500
container	v3.3	app17_mem_pressure	12	0.9858	91.5000	96.2431	1208.7500	541549181.7500
container-podman	v2.1	app01_ml_llc	12	0.9293	6.0000	6.1843	107.0000	127881084.5000
container-podman	v2.1	app05_streaming	12	0.9739	96.0000	94.9349	6370.2500	1361009415.0000
container-podman	v2.1	app10_search	12	0.9732	4.0000	9.7323	2.0000	1744665.5000
container-podman	v2.1	app11_sort_net	12	0.9735	11.0000	9.0087	2916.7500	121495581.2500
container-podman	v2.1	app13_query_scan	12		16.0000	54.7537	97.0000	70952742.5000
container-podman	v2.1	app16_cpu_oversub	12	0.9712	25.0000	24.7280	122.0000	20756138.2500
container-podman	v2.1	app17_mem_pressure	12	0.9827	92.5000	96.3795	1384.2500	543709374.0000
container-podman	v3.3	app01_ml_llc	12	0.9724	6.0000	5.7559	110.0000	124571979.7500
container-podman	v3.3	app05_streaming	12	0.9762	96.0000	94.3756	6283.0000	1329255034.5000
container-podman	v3.3	app10_search	12	0.9735	3.5000	8.9669	2.0000	1662645.7500
container-podman	v3.3	app11_sort_net	12	0.9792	22.0000	14.5380	4397.7500	181487625.2500
container-podman	v3.3	app13_query_scan	12		12.0000	51.6322	64.0000	57707914.0000
container-podman	v3.3	app16_cpu_oversub	12	0.9731	25.0000	24.4508	125.0000	20696337.2500
container-podman	v3.3	app17_mem_pressure	12	0.9851	88.2500	96.2723	1038.0000	539862971.7500
container-lxc	v2.1	app01_ml_llc	12	0.9234	6.0000	6.1689	104.5000	129643468.7500
container-lxc	v2.1	app05_streaming	12	0.9766	97.0000	94.9419	6840.5000	1354026266.0000
container-lxc	v2.1	app10_search	12	0.9740	6.0000	10.9601	2.0000	1996491.0000
container-lxc	v2.1	app11_sort_net	12	0.9879	5.0000	5.8669	1357.7500	94808643.7500
container-lxc	v2.1	app13_query_scan	12		15.0000	54.5568	85.2500	65412999.5000
container-lxc	v2.1	app16_cpu_oversub	12	0.9735	24.0000	24.0711	120.0000	20522522.5000
container-lxc	v2.1	app17_mem_pressure	12	0.9832	93.5000	96.3694	1317.5000	549965490.0000
container-lxc	v3.3	app01_ml_llc	12	0.9574	6.0000	5.8256	110.2500	124805076.2500
container-lxc	v3.3	app05_streaming	12	0.9781	96.0000	94.4076	6449.0000	1332156978.0000
container-lxc	v3.3	app10_search	12	0.9752	4.5000	8.0976	2.0000	1454291.5000
container-lxc	v3.3	app11_sort_net	12	0.9876	7.7500	6.3244	1434.7500	95226155.7500
container-lxc	v3.3	app13_query_scan	12		12.0000	51.9893	65.7500	59823381.0000
container-lxc	v3.3	app16_cpu_oversub	12	0.9745	24.0000	24.1989	124.0000	20822068.5000
container-lxc	v3.3	app17_mem_pressure	12	0.9867	90.0000	96.1801	966.2500	556116405.5000
container-k8s	v2.1	app01_ml_llc	12	0.9439	6.0000	5.8853	108.2500	126913014.7500
container-k8s	v2.1	app05_streaming	12	0.9732	96.0000	94.9150	6205.0000	1363977135.7500
container-k8s	v2.1	app10_search	12	0.9716	4.0000	10.5784	2.0000	2032249.5000
container-k8s	v2.1	app11_sort_net	12	0.9829	5.0000	5.8932	1271.5000	88398218.0000
container-k8s	v2.1	app13_query_scan	12		14.0000	53.9491	59.0000	54889370.5000
container-k8s	v2.1	app16_cpu_oversub	12	0.9707	25.0000	25.0018	127.2500	21225689.5000
container-k8s	v2.1	app17_mem_pressure	12	0.9805	93.2500	96.3438	1371.0000	539319009.0000
container-k8s	v3.3	app01_ml_llc	12	0.9411	6.0000	5.5685	110.0000	124980207.7500
container-k8s	v3.3	app05_streaming	12	0.9736	96.0000	94.3900	6005.0000	1335984761.7500
container-k8s	v3.3	app10_search	12	0.9723	4.0000	9.4069	2.0000	1834679.0000
container-k8s	v3.3	app11_sort_net	12	0.9835	10.5000	6.5522	1402.2500	93436272.5000
container-k8s	v3.3	app13_query_scan	12		13.0000	52.5836	64.0000	57098515.2500
container-k8s	v3.3	app16_cpu_oversub	12	0.9717	26.0000	25.5580	133.5000	21998170.0000
container-k8s	v3.3	app17_mem_pressure	12	0.9821	89.0000	96.1495	895.2500	548141399.0000
