env	variant	workload	metric	class	interval_s	cadence_tag	median	dref
bare	v2.1	app05_streaming	_density_rows_	meta	0.1	0100ms	1199	
bare	v2.1	app05_streaming	_density_rows_	meta	0.25	0250ms	479	
bare	v2.1	app05_streaming	_density_rows_	meta	0.5	0500ms	239	
bare	v2.1	app05_streaming	_density_rows_	meta	1	1000ms	119	
bare	v2.1	app05_streaming	_density_rows_	meta	2	2000ms	59	
bare	v2.1	app05_streaming	_density_rows_	meta	5	5000ms	23	
bare	v2.1	app16_cpu_oversub	_density_rows_	meta	0.1	0100ms	1199	
bare	v2.1	app16_cpu_oversub	_density_rows_	meta	0.25	0250ms	479	
bare	v2.1	app16_cpu_oversub	_density_rows_	meta	0.5	0500ms	239	
bare	v2.1	app16_cpu_oversub	_density_rows_	meta	1	1000ms	119	
bare	v2.1	app16_cpu_oversub	_density_rows_	meta	2	2000ms	59	
bare	v2.1	app16_cpu_oversub	_density_rows_	meta	5	5000ms	23	
bare	v3.3	app05_streaming	_density_rows_	meta	0.1	0100ms	1192	
bare	v3.3	app05_streaming	_density_rows_	meta	0.25	0250ms	478	
bare	v3.3	app05_streaming	_density_rows_	meta	0.5	0500ms	239	
bare	v3.3	app05_streaming	_density_rows_	meta	1	1000ms	119	
bare	v3.3	app05_streaming	_density_rows_	meta	2	2000ms	59	
bare	v3.3	app05_streaming	_density_rows_	meta	5	5000ms	23	
bare	v3.3	app16_cpu_oversub	_density_rows_	meta	0.1	0100ms	1190	
bare	v3.3	app16_cpu_oversub	_density_rows_	meta	0.25	0250ms	478	
bare	v3.3	app16_cpu_oversub	_density_rows_	meta	0.5	0500ms	239	
bare	v3.3	app16_cpu_oversub	_density_rows_	meta	1	1000ms	119	
bare	v3.3	app16_cpu_oversub	_density_rows_	meta	2	2000ms	59	
bare	v3.3	app16_cpu_oversub	_density_rows_	meta	5	5000ms	23	
container	v2.1	app05_streaming	_density_rows_	meta	0.1	0100ms	1199	
container	v2.1	app05_streaming	_density_rows_	meta	0.25	0250ms	479	
container	v2.1	app05_streaming	_density_rows_	meta	0.5	0500ms	239	
container	v2.1	app05_streaming	_density_rows_	meta	1	1000ms	119	
container	v2.1	app05_streaming	_density_rows_	meta	2	2000ms	59	
container	v2.1	app05_streaming	_density_rows_	meta	5	5000ms	23	
container	v2.1	app16_cpu_oversub	_density_rows_	meta	0.1	0100ms	1199	
container	v2.1	app16_cpu_oversub	_density_rows_	meta	0.25	0250ms	479	
container	v2.1	app16_cpu_oversub	_density_rows_	meta	0.5	0500ms	239	
container	v2.1	app16_cpu_oversub	_density_rows_	meta	1	1000ms	119	
container	v2.1	app16_cpu_oversub	_density_rows_	meta	2	2000ms	59	
container	v2.1	app16_cpu_oversub	_density_rows_	meta	5	5000ms	23	
container	v3.3	app05_streaming	_density_rows_	meta	0.1	0100ms	1192	
container	v3.3	app05_streaming	_density_rows_	meta	0.25	0250ms	478	
container	v3.3	app05_streaming	_density_rows_	meta	0.5	0500ms	239	
container	v3.3	app05_streaming	_density_rows_	meta	1	1000ms	119	
container	v3.3	app05_streaming	_density_rows_	meta	2	2000ms	59	
container	v3.3	app05_streaming	_density_rows_	meta	5	5000ms	23	
container	v3.3	app16_cpu_oversub	_density_rows_	meta	0.1	0100ms	1190	
container	v3.3	app16_cpu_oversub	_density_rows_	meta	0.25	0250ms	478	
container	v3.3	app16_cpu_oversub	_density_rows_	meta	0.5	0500ms	239	
container	v3.3	app16_cpu_oversub	_density_rows_	meta	1	1000ms	119	
container	v3.3	app16_cpu_oversub	_density_rows_	meta	2	2000ms	59	
container	v3.3	app16_cpu_oversub	_density_rows_	meta	5	5000ms	23	
vm-guest	v2.1	app05_streaming	_density_rows_	meta	0.1	0100ms	1199	
vm-guest	v2.1	app05_streaming	_density_rows_	meta	0.25	0250ms	479	
vm-guest	v2.1	app05_streaming	_density_rows_	meta	0.5	0500ms	239	
vm-guest	v2.1	app05_streaming	_density_rows_	meta	1	1000ms	119	
vm-guest	v2.1	app05_streaming	_density_rows_	meta	2	2000ms	59	
vm-guest	v2.1	app05_streaming	_density_rows_	meta	5	5000ms	23	
vm-guest	v2.1	app16_cpu_oversub	_density_rows_	meta	0.1	0100ms	1199	
vm-guest	v2.1	app16_cpu_oversub	_density_rows_	meta	0.25	0250ms	479	
vm-guest	v2.1	app16_cpu_oversub	_density_rows_	meta	0.5	0500ms	239	
vm-guest	v2.1	app16_cpu_oversub	_density_rows_	meta	1	1000ms	119	
vm-guest	v2.1	app16_cpu_oversub	_density_rows_	meta	2	2000ms	59	
vm-guest	v2.1	app16_cpu_oversub	_density_rows_	meta	5	5000ms	23	
vm-guest	v3.3	app05_streaming	_density_rows_	meta	0.1	0100ms	1195	
vm-guest	v3.3	app05_streaming	_density_rows_	meta	0.25	0250ms	479	
vm-guest	v3.3	app05_streaming	_density_rows_	meta	0.5	0500ms	239	
vm-guest	v3.3	app05_streaming	_density_rows_	meta	1	1000ms	119	
vm-guest	v3.3	app05_streaming	_density_rows_	meta	2	2000ms	59	
vm-guest	v3.3	app05_streaming	_density_rows_	meta	5	5000ms	23	
vm-guest	v3.3	app16_cpu_oversub	_density_rows_	meta	0.1	0100ms	1197	
vm-guest	v3.3	app16_cpu_oversub	_density_rows_	meta	0.25	0250ms	479	
vm-guest	v3.3	app16_cpu_oversub	_density_rows_	meta	0.5	0500ms	239	
vm-guest	v3.3	app16_cpu_oversub	_density_rows_	meta	1	1000ms	119	
vm-guest	v3.3	app16_cpu_oversub	_density_rows_	meta	2	2000ms	59	
vm-guest	v3.3	app16_cpu_oversub	_density_rows_	meta	5	5000ms	23	
bare	v2.1	app05_streaming	netp	desc	0.1	0100ms	0	
bare	v2.1	app05_streaming	netp	desc	0.25	0250ms	0	
bare	v2.1	app05_streaming	netp	desc	0.5	0500ms	0	
bare	v2.1	app05_streaming	netp	desc	1	1000ms	0	
bare	v2.1	app05_streaming	netp	desc	2	2000ms	0	
bare	v2.1	app05_streaming	netp	desc	5	5000ms	0	
bare	v2.1	app05_streaming	nets	desc	0.1	0100ms	0	
bare	v2.1	app05_streaming	nets	desc	0.25	0250ms	0	
bare	v2.1	app05_streaming	nets	desc	0.5	0500ms	0	
bare	v2.1	app05_streaming	nets	desc	1	1000ms	0	
bare	v2.1	app05_streaming	nets	desc	2	2000ms	0	
bare	v2.1	app05_streaming	nets	desc	5	5000ms	0	
bare	v2.1	app05_streaming	blk	desc	0.1	0100ms	0	
bare	v2.1	app05_streaming	blk	desc	0.25	0250ms	0	
bare	v2.1	app05_streaming	blk	desc	0.5	0500ms	0	
bare	v2.1	app05_streaming	blk	desc	1	1000ms	0	
bare	v2.1	app05_streaming	blk	desc	2	2000ms	0	
bare	v2.1	app05_streaming	blk	desc	5	5000ms	0	
bare	v2.1	app05_streaming	mbw	desc	0.1	0100ms	33	
bare	v2.1	app05_streaming	mbw	desc	0.25	0250ms	33	0
bare	v2.1	app05_streaming	mbw	desc	0.5	0500ms	33	0
bare	v2.1	app05_streaming	mbw	desc	1	1000ms	33	0
bare	v2.1	app05_streaming	mbw	desc	2	2000ms	33	0
bare	v2.1	app05_streaming	mbw	desc	5	5000ms	33	0
bare	v2.1	app05_streaming	llcmr	dir	0.1	0100ms	97	
bare	v2.1	app05_streaming	llcmr	dir	0.25	0250ms	97	0
bare	v2.1	app05_streaming	llcmr	dir	0.5	0500ms	96	-0.0103093
bare	v2.1	app05_streaming	llcmr	dir	1	1000ms	97	0
bare	v2.1	app05_streaming	llcmr	dir	2	2000ms	97	0
bare	v2.1	app05_streaming	llcmr	dir	5	5000ms	97	0
bare	v2.1	app05_streaming	llcocc	desc	0.1	0100ms	86	
bare	v2.1	app05_streaming	llcocc	desc	0.25	0250ms	94	0.0930233
bare	v2.1	app05_streaming	llcocc	desc	0.5	0500ms	96	0.116279
bare	v2.1	app05_streaming	llcocc	desc	1	1000ms	96	0.116279
bare	v2.1	app05_streaming	llcocc	desc	2	2000ms	95	0.104651
bare	v2.1	app05_streaming	llcocc	desc	5	5000ms	96	0.116279
bare	v2.1	app05_streaming	cpu	abs	0.1	0100ms	25	
bare	v2.1	app05_streaming	cpu	abs	0.25	0250ms	25	0
bare	v2.1	app05_streaming	cpu	abs	0.5	0500ms	25	0
bare	v2.1	app05_streaming	cpu	abs	1	1000ms	25	0
bare	v2.1	app05_streaming	cpu	abs	2	2000ms	25	0
bare	v2.1	app05_streaming	cpu	abs	5	5000ms	25	0
bare	v2.1	app05_streaming	schedlat	dir	0.1	0100ms	0	
bare	v2.1	app05_streaming	schedlat	dir	0.25	0250ms	0	
bare	v2.1	app05_streaming	schedlat	dir	0.5	0500ms	0	
bare	v2.1	app05_streaming	schedlat	dir	1	1000ms	0	
bare	v2.1	app05_streaming	schedlat	dir	2	2000ms	0	
bare	v2.1	app05_streaming	schedlat	dir	5	5000ms	0	
bare	v2.1	app05_streaming	psi_mem	desc	0.1	0100ms	0	
bare	v2.1	app05_streaming	psi_mem	desc	0.25	0250ms	0	
bare	v2.1	app05_streaming	psi_mem	desc	0.5	0500ms	0	
bare	v2.1	app05_streaming	psi_mem	desc	1	1000ms	0	
bare	v2.1	app05_streaming	psi_mem	desc	2	2000ms	0	
bare	v2.1	app05_streaming	psi_mem	desc	5	5000ms	0	
bare	v2.1	app05_streaming	membw_est	desc	0.1	0100ms	6797	
bare	v2.1	app05_streaming	membw_est	desc	0.25	0250ms	6551	-0.0361924
bare	v2.1	app05_streaming	membw_est	desc	0.5	0500ms	6690	-0.0157422
bare	v2.1	app05_streaming	membw_est	desc	1	1000ms	7153	0.052376
bare	v2.1	app05_streaming	membw_est	desc	2	2000ms	6880.5	0.0122848
bare	v2.1	app05_streaming	membw_est	desc	5	5000ms	7174	0.0554656
bare	v2.1	app05_streaming	psi_io	desc	0.1	0100ms	0	
bare	v2.1	app05_streaming	psi_io	desc	0.25	0250ms	0	
bare	v2.1	app05_streaming	psi_io	desc	0.5	0500ms	0	
bare	v2.1	app05_streaming	psi_io	desc	1	1000ms	0	
bare	v2.1	app05_streaming	psi_io	desc	2	2000ms	0	
bare	v2.1	app05_streaming	psi_io	desc	5	5000ms	0	
bare	v2.1	app05_streaming	schedthr	desc	0.1	0100ms	0	
bare	v2.1	app05_streaming	schedthr	desc	0.25	0250ms	0	
bare	v2.1	app05_streaming	schedthr	desc	0.5	0500ms	0	
bare	v2.1	app05_streaming	schedthr	desc	1	1000ms	0	
bare	v2.1	app05_streaming	schedthr	desc	2	2000ms	0	
bare	v2.1	app05_streaming	schedthr	desc	5	5000ms	0	
bare	v2.1	app05_streaming	steal	desc	0.1	0100ms	0	
bare	v2.1	app05_streaming	steal	desc	0.25	0250ms	0	
bare	v2.1	app05_streaming	steal	desc	0.5	0500ms	0	
bare	v2.1	app05_streaming	steal	desc	1	1000ms	0	
bare	v2.1	app05_streaming	steal	desc	2	2000ms	0	
bare	v2.1	app05_streaming	steal	desc	5	5000ms	0	
bare	v2.1	app05_streaming	psp	dir	0.1	0100ms	140	
bare	v2.1	app05_streaming	psp	dir	0.25	0250ms	68	-0.514286
bare	v2.1	app05_streaming	psp	dir	0.5	0500ms	44	-0.685714
bare	v2.1	app05_streaming	psp	dir	1	1000ms	31	-0.778571
bare	v2.1	app05_streaming	psp	dir	2	2000ms	24	-0.828571
bare	v2.1	app05_streaming	psp	dir	5	5000ms	19.5	-0.860714
bare	v2.1	app16_cpu_oversub	netp	desc	0.1	0100ms	0	
bare	v2.1	app16_cpu_oversub	netp	desc	0.25	0250ms	0	
bare	v2.1	app16_cpu_oversub	netp	desc	0.5	0500ms	0	
bare	v2.1	app16_cpu_oversub	netp	desc	1	1000ms	0	
bare	v2.1	app16_cpu_oversub	netp	desc	2	2000ms	0	
bare	v2.1	app16_cpu_oversub	netp	desc	5	5000ms	0	
bare	v2.1	app16_cpu_oversub	nets	desc	0.1	0100ms	0	
bare	v2.1	app16_cpu_oversub	nets	desc	0.25	0250ms	0	
bare	v2.1	app16_cpu_oversub	nets	desc	0.5	0500ms	0	
bare	v2.1	app16_cpu_oversub	nets	desc	1	1000ms	0	
bare	v2.1	app16_cpu_oversub	nets	desc	2	2000ms	0	
bare	v2.1	app16_cpu_oversub	nets	desc	5	5000ms	0	
bare	v2.1	app16_cpu_oversub	blk	desc	0.1	0100ms	0	
bare	v2.1	app16_cpu_oversub	blk	desc	0.25	0250ms	0	
bare	v2.1	app16_cpu_oversub	blk	desc	0.5	0500ms	0	
bare	v2.1	app16_cpu_oversub	blk	desc	1	1000ms	0	
bare	v2.1	app16_cpu_oversub	blk	desc	2	2000ms	0	
bare	v2.1	app16_cpu_oversub	blk	desc	5	5000ms	0	
bare	v2.1	app16_cpu_oversub	mbw	desc	0.1	0100ms	1	
bare	v2.1	app16_cpu_oversub	mbw	desc	0.25	0250ms	1	0
bare	v2.1	app16_cpu_oversub	mbw	desc	0.5	0500ms	1	0
bare	v2.1	app16_cpu_oversub	mbw	desc	1	1000ms	0	-1
bare	v2.1	app16_cpu_oversub	mbw	desc	2	2000ms	0	-1
bare	v2.1	app16_cpu_oversub	mbw	desc	5	5000ms	0	-1
bare	v2.1	app16_cpu_oversub	llcmr	dir	0.1	0100ms	32	
bare	v2.1	app16_cpu_oversub	llcmr	dir	0.25	0250ms	29	-0.09375
bare	v2.1	app16_cpu_oversub	llcmr	dir	0.5	0500ms	26	-0.1875
bare	v2.1	app16_cpu_oversub	llcmr	dir	1	1000ms	23	-0.28125
bare	v2.1	app16_cpu_oversub	llcmr	dir	2	2000ms	24	-0.25
bare	v2.1	app16_cpu_oversub	llcmr	dir	5	5000ms	24	-0.25
bare	v2.1	app16_cpu_oversub	llcocc	desc	0.1	0100ms	71	
bare	v2.1	app16_cpu_oversub	llcocc	desc	0.25	0250ms	78	0.0985915
bare	v2.1	app16_cpu_oversub	llcocc	desc	0.5	0500ms	80	0.126761
bare	v2.1	app16_cpu_oversub	llcocc	desc	1	1000ms	80	0.126761
bare	v2.1	app16_cpu_oversub	llcocc	desc	2	2000ms	80	0.126761
bare	v2.1	app16_cpu_oversub	llcocc	desc	5	5000ms	80	0.126761
bare	v2.1	app16_cpu_oversub	cpu	abs	0.1	0100ms	33	
bare	v2.1	app16_cpu_oversub	cpu	abs	0.25	0250ms	33	0
bare	v2.1	app16_cpu_oversub	cpu	abs	0.5	0500ms	33	0
bare	v2.1	app16_cpu_oversub	cpu	abs	1	1000ms	33	0
bare	v2.1	app16_cpu_oversub	cpu	abs	2	2000ms	33	0
bare	v2.1	app16_cpu_oversub	cpu	abs	5	5000ms	33	0
bare	v2.1	app16_cpu_oversub	schedlat	dir	0.1	0100ms	100	
bare	v2.1	app16_cpu_oversub	schedlat	dir	0.25	0250ms	100	0
bare	v2.1	app16_cpu_oversub	schedlat	dir	0.5	0500ms	100	0
bare	v2.1	app16_cpu_oversub	schedlat	dir	1	1000ms	100	0
bare	v2.1	app16_cpu_oversub	schedlat	dir	2	2000ms	100	0
bare	v2.1	app16_cpu_oversub	schedlat	dir	5	5000ms	100	0
bare	v2.1	app16_cpu_oversub	psi_mem	desc	0.1	0100ms	0	
bare	v2.1	app16_cpu_oversub	psi_mem	desc	0.25	0250ms	0	
bare	v2.1	app16_cpu_oversub	psi_mem	desc	0.5	0500ms	0	
bare	v2.1	app16_cpu_oversub	psi_mem	desc	1	1000ms	0	
bare	v2.1	app16_cpu_oversub	psi_mem	desc	2	2000ms	0	
bare	v2.1	app16_cpu_oversub	psi_mem	desc	5	5000ms	0	
bare	v2.1	app16_cpu_oversub	membw_est	desc	0.1	0100ms	156	
bare	v2.1	app16_cpu_oversub	membw_est	desc	0.25	0250ms	139	-0.108974
bare	v2.1	app16_cpu_oversub	membw_est	desc	0.5	0500ms	127	-0.185897
bare	v2.1	app16_cpu_oversub	membw_est	desc	1	1000ms	120	-0.230769
bare	v2.1	app16_cpu_oversub	membw_est	desc	2	2000ms	116	-0.25641
bare	v2.1	app16_cpu_oversub	membw_est	desc	5	5000ms	118.5	-0.240385
bare	v2.1	app16_cpu_oversub	psi_io	desc	0.1	0100ms	0	
bare	v2.1	app16_cpu_oversub	psi_io	desc	0.25	0250ms	0	
bare	v2.1	app16_cpu_oversub	psi_io	desc	0.5	0500ms	0	
bare	v2.1	app16_cpu_oversub	psi_io	desc	1	1000ms	0	
bare	v2.1	app16_cpu_oversub	psi_io	desc	2	2000ms	0	
bare	v2.1	app16_cpu_oversub	psi_io	desc	5	5000ms	0	
bare	v2.1	app16_cpu_oversub	schedthr	desc	0.1	0100ms	1	
bare	v2.1	app16_cpu_oversub	schedthr	desc	0.25	0250ms	0	-1
bare	v2.1	app16_cpu_oversub	schedthr	desc	0.5	0500ms	1	0
bare	v2.1	app16_cpu_oversub	schedthr	desc	1	1000ms	1	0
bare	v2.1	app16_cpu_oversub	schedthr	desc	2	2000ms	0	-1
bare	v2.1	app16_cpu_oversub	schedthr	desc	5	5000ms	1	0
bare	v2.1	app16_cpu_oversub	steal	desc	0.1	0100ms	0	
bare	v2.1	app16_cpu_oversub	steal	desc	0.25	0250ms	0	
bare	v2.1	app16_cpu_oversub	steal	desc	0.5	0500ms	0	
bare	v2.1	app16_cpu_oversub	steal	desc	1	1000ms	0	
bare	v2.1	app16_cpu_oversub	steal	desc	2	2000ms	0	
bare	v2.1	app16_cpu_oversub	steal	desc	5	5000ms	0	
bare	v2.1	app16_cpu_oversub	psp	dir	0.1	0100ms	5480	
bare	v2.1	app16_cpu_oversub	psp	dir	0.25	0250ms	5404	-0.0138686
bare	v2.1	app16_cpu_oversub	psp	dir	0.5	0500ms	5370	-0.020073
bare	v2.1	app16_cpu_oversub	psp	dir	1	1000ms	5358	-0.0222628
bare	v2.1	app16_cpu_oversub	psp	dir	2	2000ms	5352	-0.0233577
bare	v2.1	app16_cpu_oversub	psp	dir	5	5000ms	5329	-0.0275547
bare	v3.3	app05_streaming	netp	desc	0.1	0100ms	0	
bare	v3.3	app05_streaming	netp	desc	0.25	0250ms	0	
bare	v3.3	app05_streaming	netp	desc	0.5	0500ms	0	
bare	v3.3	app05_streaming	netp	desc	1	1000ms	0	
bare	v3.3	app05_streaming	netp	desc	2	2000ms	0	
bare	v3.3	app05_streaming	netp	desc	5	5000ms	0	
bare	v3.3	app05_streaming	nets	desc	0.1	0100ms	0	
bare	v3.3	app05_streaming	nets	desc	0.25	0250ms	0	
bare	v3.3	app05_streaming	nets	desc	0.5	0500ms	0	
bare	v3.3	app05_streaming	nets	desc	1	1000ms	0	
bare	v3.3	app05_streaming	nets	desc	2	2000ms	0	
bare	v3.3	app05_streaming	nets	desc	5	5000ms	0	
bare	v3.3	app05_streaming	blk	desc	0.1	0100ms	0	
bare	v3.3	app05_streaming	blk	desc	0.25	0250ms	0	
bare	v3.3	app05_streaming	blk	desc	0.5	0500ms	0	
bare	v3.3	app05_streaming	blk	desc	1	1000ms	0	
bare	v3.3	app05_streaming	blk	desc	2	2000ms	0	
bare	v3.3	app05_streaming	blk	desc	5	5000ms	0	
bare	v3.3	app05_streaming	mbw	desc	0.1	0100ms	51	
bare	v3.3	app05_streaming	mbw	desc	0.25	0250ms	48	-0.0588235
bare	v3.3	app05_streaming	mbw	desc	0.5	0500ms	52	0.0196078
bare	v3.3	app05_streaming	mbw	desc	1	1000ms	49	-0.0392157
bare	v3.3	app05_streaming	mbw	desc	2	2000ms	52	0.0196078
bare	v3.3	app05_streaming	mbw	desc	5	5000ms	49	-0.0392157
bare	v3.3	app05_streaming	llcmr	dir	0.1	0100ms	96	
bare	v3.3	app05_streaming	llcmr	dir	0.25	0250ms	97	0.0104167
bare	v3.3	app05_streaming	llcmr	dir	0.5	0500ms	96	0
bare	v3.3	app05_streaming	llcmr	dir	1	1000ms	97	0.0104167
bare	v3.3	app05_streaming	llcmr	dir	2	2000ms	97	0.0104167
bare	v3.3	app05_streaming	llcmr	dir	5	5000ms	97	0.0104167
bare	v3.3	app05_streaming	llcocc	desc	0.1	0100ms	83	
bare	v3.3	app05_streaming	llcocc	desc	0.25	0250ms	94	0.13253
bare	v3.3	app05_streaming	llcocc	desc	0.5	0500ms	96	0.156627
bare	v3.3	app05_streaming	llcocc	desc	1	1000ms	95	0.144578
bare	v3.3	app05_streaming	llcocc	desc	2	2000ms	95	0.144578
bare	v3.3	app05_streaming	llcocc	desc	5	5000ms	96	0.156627
bare	v3.3	app05_streaming	cpu	abs	0.1	0100ms	25	
bare	v3.3	app05_streaming	cpu	abs	0.25	0250ms	25	0
bare	v3.3	app05_streaming	cpu	abs	0.5	0500ms	25	0
bare	v3.3	app05_streaming	cpu	abs	1	1000ms	25	0
bare	v3.3	app05_streaming	cpu	abs	2	2000ms	25	0
bare	v3.3	app05_streaming	cpu	abs	5	5000ms	24	-0.04
bare	v3.3	app05_streaming	schedlat	dir	0.1	0100ms	0	
bare	v3.3	app05_streaming	schedlat	dir	0.25	0250ms	0	
bare	v3.3	app05_streaming	schedlat	dir	0.5	0500ms	0	
bare	v3.3	app05_streaming	schedlat	dir	1	1000ms	0	
bare	v3.3	app05_streaming	schedlat	dir	2	2000ms	0	
bare	v3.3	app05_streaming	schedlat	dir	5	5000ms	0	
bare	v3.3	app05_streaming	psi_mem	desc	0.1	0100ms	0	
bare	v3.3	app05_streaming	psi_mem	desc	0.25	0250ms	0	
bare	v3.3	app05_streaming	psi_mem	desc	0.5	0500ms	0	
bare	v3.3	app05_streaming	psi_mem	desc	1	1000ms	0	
bare	v3.3	app05_streaming	psi_mem	desc	2	2000ms	0	
bare	v3.3	app05_streaming	psi_mem	desc	5	5000ms	0	
bare	v3.3	app05_streaming	membw_est	desc	0.1	0100ms	6162	
bare	v3.3	app05_streaming	membw_est	desc	0.25	0250ms	6166	0.00064914
bare	v3.3	app05_streaming	membw_est	desc	0.5	0500ms	6021.5	-0.022801
bare	v3.3	app05_streaming	membw_est	desc	1	1000ms	6222.5	0.00981824
bare	v3.3	app05_streaming	membw_est	desc	2	2000ms	6201.5	0.00641026
bare	v3.3	app05_streaming	membw_est	desc	5	5000ms	6313.5	0.0245862
bare	v3.3	app05_streaming	psi_io	desc	0.1	0100ms	0	
bare	v3.3	app05_streaming	psi_io	desc	0.25	0250ms	0	
bare	v3.3	app05_streaming	psi_io	desc	0.5	0500ms	0	
bare	v3.3	app05_streaming	psi_io	desc	1	1000ms	0	
bare	v3.3	app05_streaming	psi_io	desc	2	2000ms	0	
bare	v3.3	app05_streaming	psi_io	desc	5	5000ms	0	
bare	v3.3	app05_streaming	schedthr	desc	0.1	0100ms	0	
bare	v3.3	app05_streaming	schedthr	desc	0.25	0250ms	0	
bare	v3.3	app05_streaming	schedthr	desc	0.5	0500ms	0	
bare	v3.3	app05_streaming	schedthr	desc	1	1000ms	0	
bare	v3.3	app05_streaming	schedthr	desc	2	2000ms	0	
bare	v3.3	app05_streaming	schedthr	desc	5	5000ms	0	
bare	v3.3	app05_streaming	steal	desc	0.1	0100ms	0	
bare	v3.3	app05_streaming	steal	desc	0.25	0250ms	0	
bare	v3.3	app05_streaming	steal	desc	0.5	0500ms	0	
bare	v3.3	app05_streaming	steal	desc	1	1000ms	0	
bare	v3.3	app05_streaming	steal	desc	2	2000ms	0	
bare	v3.3	app05_streaming	steal	desc	5	5000ms	0	
bare	v3.3	app05_streaming	psp	dir	0.1	0100ms	139	
bare	v3.3	app05_streaming	psp	dir	0.25	0250ms	66	-0.52518
bare	v3.3	app05_streaming	psp	dir	0.5	0500ms	40	-0.71223
bare	v3.3	app05_streaming	psp	dir	1	1000ms	30	-0.784173
bare	v3.3	app05_streaming	psp	dir	2	2000ms	24	-0.827338
bare	v3.3	app05_streaming	psp	dir	5	5000ms	20	-0.856115
bare	v3.3	app05_streaming	idle_preempt	dir	0.1	0100ms	0	
bare	v3.3	app05_streaming	idle_preempt	dir	0.25	0250ms	0	
bare	v3.3	app05_streaming	idle_preempt	dir	0.5	0500ms	0	
bare	v3.3	app05_streaming	idle_preempt	dir	1	1000ms	0	
bare	v3.3	app05_streaming	idle_preempt	dir	2	2000ms	0	
bare	v3.3	app05_streaming	idle_preempt	dir	5	5000ms	0	
bare	v3.3	app16_cpu_oversub	netp	desc	0.1	0100ms	0	
bare	v3.3	app16_cpu_oversub	netp	desc	0.25	0250ms	0	
bare	v3.3	app16_cpu_oversub	netp	desc	0.5	0500ms	0	
bare	v3.3	app16_cpu_oversub	netp	desc	1	1000ms	0	
bare	v3.3	app16_cpu_oversub	netp	desc	2	2000ms	0	
bare	v3.3	app16_cpu_oversub	netp	desc	5	5000ms	0	
bare	v3.3	app16_cpu_oversub	nets	desc	0.1	0100ms	0	
bare	v3.3	app16_cpu_oversub	nets	desc	0.25	0250ms	0	
bare	v3.3	app16_cpu_oversub	nets	desc	0.5	0500ms	0	
bare	v3.3	app16_cpu_oversub	nets	desc	1	1000ms	0	
bare	v3.3	app16_cpu_oversub	nets	desc	2	2000ms	0	
bare	v3.3	app16_cpu_oversub	nets	desc	5	5000ms	0	
bare	v3.3	app16_cpu_oversub	blk	desc	0.1	0100ms	0	
bare	v3.3	app16_cpu_oversub	blk	desc	0.25	0250ms	0	
bare	v3.3	app16_cpu_oversub	blk	desc	0.5	0500ms	0	
bare	v3.3	app16_cpu_oversub	blk	desc	1	1000ms	0	
bare	v3.3	app16_cpu_oversub	blk	desc	2	2000ms	0	
bare	v3.3	app16_cpu_oversub	blk	desc	5	5000ms	0	
bare	v3.3	app16_cpu_oversub	mbw	desc	0.1	0100ms	1	
bare	v3.3	app16_cpu_oversub	mbw	desc	0.25	0250ms	1	0
bare	v3.3	app16_cpu_oversub	mbw	desc	0.5	0500ms	1	0
bare	v3.3	app16_cpu_oversub	mbw	desc	1	1000ms	1	0
bare	v3.3	app16_cpu_oversub	mbw	desc	2	2000ms	1	0
bare	v3.3	app16_cpu_oversub	mbw	desc	5	5000ms	1	0
bare	v3.3	app16_cpu_oversub	llcmr	dir	0.1	0100ms	33	
bare	v3.3	app16_cpu_oversub	llcmr	dir	0.25	0250ms	30	-0.0909091
bare	v3.3	app16_cpu_oversub	llcmr	dir	0.5	0500ms	27	-0.181818
bare	v3.3	app16_cpu_oversub	llcmr	dir	1	1000ms	25	-0.242424
bare	v3.3	app16_cpu_oversub	llcmr	dir	2	2000ms	25	-0.242424
bare	v3.3	app16_cpu_oversub	llcmr	dir	5	5000ms	25	-0.242424
bare	v3.3	app16_cpu_oversub	llcocc	desc	0.1	0100ms	71	
bare	v3.3	app16_cpu_oversub	llcocc	desc	0.25	0250ms	79	0.112676
bare	v3.3	app16_cpu_oversub	llcocc	desc	0.5	0500ms	81	0.140845
bare	v3.3	app16_cpu_oversub	llcocc	desc	1	1000ms	79	0.112676
bare	v3.3	app16_cpu_oversub	llcocc	desc	2	2000ms	83	0.169014
bare	v3.3	app16_cpu_oversub	llcocc	desc	5	5000ms	81	0.140845
bare	v3.3	app16_cpu_oversub	cpu	abs	0.1	0100ms	33	
bare	v3.3	app16_cpu_oversub	cpu	abs	0.25	0250ms	33	0
bare	v3.3	app16_cpu_oversub	cpu	abs	0.5	0500ms	33	0
bare	v3.3	app16_cpu_oversub	cpu	abs	1	1000ms	33	0
bare	v3.3	app16_cpu_oversub	cpu	abs	2	2000ms	33	0
bare	v3.3	app16_cpu_oversub	cpu	abs	5	5000ms	33	0
bare	v3.3	app16_cpu_oversub	schedlat	dir	0.1	0100ms	100	
bare	v3.3	app16_cpu_oversub	schedlat	dir	0.25	0250ms	100	0
bare	v3.3	app16_cpu_oversub	schedlat	dir	0.5	0500ms	100	0
bare	v3.3	app16_cpu_oversub	schedlat	dir	1	1000ms	100	0
bare	v3.3	app16_cpu_oversub	schedlat	dir	2	2000ms	100	0
bare	v3.3	app16_cpu_oversub	schedlat	dir	5	5000ms	100	0
bare	v3.3	app16_cpu_oversub	psi_mem	desc	0.1	0100ms	0	
bare	v3.3	app16_cpu_oversub	psi_mem	desc	0.25	0250ms	0	
bare	v3.3	app16_cpu_oversub	psi_mem	desc	0.5	0500ms	0	
bare	v3.3	app16_cpu_oversub	psi_mem	desc	1	1000ms	0	
bare	v3.3	app16_cpu_oversub	psi_mem	desc	2	2000ms	0	
bare	v3.3	app16_cpu_oversub	psi_mem	desc	5	5000ms	0	
bare	v3.3	app16_cpu_oversub	membw_est	desc	0.1	0100ms	162	
bare	v3.3	app16_cpu_oversub	membw_est	desc	0.25	0250ms	146	-0.0987654
bare	v3.3	app16_cpu_oversub	membw_est	desc	0.5	0500ms	134	-0.17284
bare	v3.3	app16_cpu_oversub	membw_est	desc	1	1000ms	128	-0.209877
bare	v3.3	app16_cpu_oversub	membw_est	desc	2	2000ms	124	-0.234568
bare	v3.3	app16_cpu_oversub	membw_est	desc	5	5000ms	124	-0.234568
bare	v3.3	app16_cpu_oversub	psi_io	desc	0.1	0100ms	0	
bare	v3.3	app16_cpu_oversub	psi_io	desc	0.25	0250ms	0	
bare	v3.3	app16_cpu_oversub	psi_io	desc	0.5	0500ms	0	
bare	v3.3	app16_cpu_oversub	psi_io	desc	1	1000ms	0	
bare	v3.3	app16_cpu_oversub	psi_io	desc	2	2000ms	0	
bare	v3.3	app16_cpu_oversub	psi_io	desc	5	5000ms	0	
bare	v3.3	app16_cpu_oversub	schedthr	desc	0.1	0100ms	0	
bare	v3.3	app16_cpu_oversub	schedthr	desc	0.25	0250ms	1	
bare	v3.3	app16_cpu_oversub	schedthr	desc	0.5	0500ms	1	
bare	v3.3	app16_cpu_oversub	schedthr	desc	1	1000ms	1	
bare	v3.3	app16_cpu_oversub	schedthr	desc	2	2000ms	1	
bare	v3.3	app16_cpu_oversub	schedthr	desc	5	5000ms	1	
bare	v3.3	app16_cpu_oversub	steal	desc	0.1	0100ms	0	
bare	v3.3	app16_cpu_oversub	steal	desc	0.25	0250ms	0	
bare	v3.3	app16_cpu_oversub	steal	desc	0.5	0500ms	0	
bare	v3.3	app16_cpu_oversub	steal	desc	1	1000ms	0	
bare	v3.3	app16_cpu_oversub	steal	desc	2	2000ms	0	
bare	v3.3	app16_cpu_oversub	steal	desc	5	5000ms	0	
bare	v3.3	app16_cpu_oversub	psp	dir	0.1	0100ms	5510	
bare	v3.3	app16_cpu_oversub	psp	dir	0.25	0250ms	5414	-0.0174229
bare	v3.3	app16_cpu_oversub	psp	dir	0.5	0500ms	5380	-0.0235935
bare	v3.3	app16_cpu_oversub	psp	dir	1	1000ms	5362	-0.0268603
bare	v3.3	app16_cpu_oversub	psp	dir	2	2000ms	5349	-0.0292196
bare	v3.3	app16_cpu_oversub	psp	dir	5	5000ms	5332.5	-0.0322142
bare	v3.3	app16_cpu_oversub	idle_preempt	dir	0.1	0100ms	10	
bare	v3.3	app16_cpu_oversub	idle_preempt	dir	0.25	0250ms	12	0.2
bare	v3.3	app16_cpu_oversub	idle_preempt	dir	0.5	0500ms	14	0.4
bare	v3.3	app16_cpu_oversub	idle_preempt	dir	1	1000ms	14	0.4
bare	v3.3	app16_cpu_oversub	idle_preempt	dir	2	2000ms	13	0.3
bare	v3.3	app16_cpu_oversub	idle_preempt	dir	5	5000ms	14	0.4
container	v2.1	app05_streaming	netp	desc	0.1	0100ms	0	
container	v2.1	app05_streaming	netp	desc	0.25	0250ms	0	
container	v2.1	app05_streaming	netp	desc	0.5	0500ms	0	
container	v2.1	app05_streaming	netp	desc	1	1000ms	0	
container	v2.1	app05_streaming	netp	desc	2	2000ms	0	
container	v2.1	app05_streaming	netp	desc	5	5000ms	0	
container	v2.1	app05_streaming	nets	desc	0.1	0100ms	0	
container	v2.1	app05_streaming	nets	desc	0.25	0250ms	0	
container	v2.1	app05_streaming	nets	desc	0.5	0500ms	0	
container	v2.1	app05_streaming	nets	desc	1	1000ms	0	
container	v2.1	app05_streaming	nets	desc	2	2000ms	0	
container	v2.1	app05_streaming	nets	desc	5	5000ms	0	
container	v2.1	app05_streaming	blk	desc	0.1	0100ms	0	
container	v2.1	app05_streaming	blk	desc	0.25	0250ms	0	
container	v2.1	app05_streaming	blk	desc	0.5	0500ms	0	
container	v2.1	app05_streaming	blk	desc	1	1000ms	0	
container	v2.1	app05_streaming	blk	desc	2	2000ms	0	
container	v2.1	app05_streaming	blk	desc	5	5000ms	0	
container	v2.1	app05_streaming	mbw	desc	0.1	0100ms	35	
container	v2.1	app05_streaming	mbw	desc	0.25	0250ms	34	-0.0285714
container	v2.1	app05_streaming	mbw	desc	0.5	0500ms	35	0
container	v2.1	app05_streaming	mbw	desc	1	1000ms	34	-0.0285714
container	v2.1	app05_streaming	mbw	desc	2	2000ms	35	0
container	v2.1	app05_streaming	mbw	desc	5	5000ms	33	-0.0571429
container	v2.1	app05_streaming	llcmr	dir	0.1	0100ms	97	
container	v2.1	app05_streaming	llcmr	dir	0.25	0250ms	96	-0.0103093
container	v2.1	app05_streaming	llcmr	dir	0.5	0500ms	97	0
container	v2.1	app05_streaming	llcmr	dir	1	1000ms	97	0
container	v2.1	app05_streaming	llcmr	dir	2	2000ms	96	-0.0103093
container	v2.1	app05_streaming	llcmr	dir	5	5000ms	96.5	-0.00515464
container	v2.1	app05_streaming	llcocc	desc	0.1	0100ms	85	
container	v2.1	app05_streaming	llcocc	desc	0.25	0250ms	94	0.105882
container	v2.1	app05_streaming	llcocc	desc	0.5	0500ms	95	0.117647
container	v2.1	app05_streaming	llcocc	desc	1	1000ms	96	0.129412
container	v2.1	app05_streaming	llcocc	desc	2	2000ms	96	0.129412
container	v2.1	app05_streaming	llcocc	desc	5	5000ms	96	0.129412
container	v2.1	app05_streaming	cpu	abs	0.1	0100ms	25	
container	v2.1	app05_streaming	cpu	abs	0.25	0250ms	25	0
container	v2.1	app05_streaming	cpu	abs	0.5	0500ms	25	0
container	v2.1	app05_streaming	cpu	abs	1	1000ms	25	0
container	v2.1	app05_streaming	cpu	abs	2	2000ms	25	0
container	v2.1	app05_streaming	cpu	abs	5	5000ms	25	0
container	v2.1	app05_streaming	schedlat	dir	0.1	0100ms	0	
container	v2.1	app05_streaming	schedlat	dir	0.25	0250ms	0	
container	v2.1	app05_streaming	schedlat	dir	0.5	0500ms	0	
container	v2.1	app05_streaming	schedlat	dir	1	1000ms	0	
container	v2.1	app05_streaming	schedlat	dir	2	2000ms	0	
container	v2.1	app05_streaming	schedlat	dir	5	5000ms	0	
container	v2.1	app05_streaming	psi_mem	desc	0.1	0100ms	0	
container	v2.1	app05_streaming	psi_mem	desc	0.25	0250ms	0	
container	v2.1	app05_streaming	psi_mem	desc	0.5	0500ms	0	
container	v2.1	app05_streaming	psi_mem	desc	1	1000ms	0	
container	v2.1	app05_streaming	psi_mem	desc	2	2000ms	0	
container	v2.1	app05_streaming	psi_mem	desc	5	5000ms	0	
container	v2.1	app05_streaming	membw_est	desc	0.1	0100ms	6733	
container	v2.1	app05_streaming	membw_est	desc	0.25	0250ms	6062	-0.0996584
container	v2.1	app05_streaming	membw_est	desc	0.5	0500ms	6872	0.0206446
container	v2.1	app05_streaming	membw_est	desc	1	1000ms	6756	0.00341601
container	v2.1	app05_streaming	membw_est	desc	2	2000ms	6768.5	0.00527254
container	v2.1	app05_streaming	membw_est	desc	5	5000ms	7137	0.060003
container	v2.1	app05_streaming	psi_io	desc	0.1	0100ms	0	
container	v2.1	app05_streaming	psi_io	desc	0.25	0250ms	0	
container	v2.1	app05_streaming	psi_io	desc	0.5	0500ms	0	
container	v2.1	app05_streaming	psi_io	desc	1	1000ms	0	
container	v2.1	app05_streaming	psi_io	desc	2	2000ms	0	
container	v2.1	app05_streaming	psi_io	desc	5	5000ms	0	
container	v2.1	app05_streaming	schedthr	desc	0.1	0100ms	0	
container	v2.1	app05_streaming	schedthr	desc	0.25	0250ms	0	
container	v2.1	app05_streaming	schedthr	desc	0.5	0500ms	0	
container	v2.1	app05_streaming	schedthr	desc	1	1000ms	0	
container	v2.1	app05_streaming	schedthr	desc	2	2000ms	0	
container	v2.1	app05_streaming	schedthr	desc	5	5000ms	0	
container	v2.1	app05_streaming	steal	desc	0.1	0100ms	0	
container	v2.1	app05_streaming	steal	desc	0.25	0250ms	0	
container	v2.1	app05_streaming	steal	desc	0.5	0500ms	0	
container	v2.1	app05_streaming	steal	desc	1	1000ms	0	
container	v2.1	app05_streaming	steal	desc	2	2000ms	0	
container	v2.1	app05_streaming	steal	desc	5	5000ms	0	
container	v2.1	app05_streaming	psp	dir	0.1	0100ms	150	
container	v2.1	app05_streaming	psp	dir	0.25	0250ms	68	-0.546667
container	v2.1	app05_streaming	psp	dir	0.5	0500ms	44	-0.706667
container	v2.1	app05_streaming	psp	dir	1	1000ms	29	-0.806667
container	v2.1	app05_streaming	psp	dir	2	2000ms	24	-0.84
container	v2.1	app05_streaming	psp	dir	5	5000ms	19	-0.873333
container	v2.1	app16_cpu_oversub	netp	desc	0.1	0100ms	0	
container	v2.1	app16_cpu_oversub	netp	desc	0.25	0250ms	0	
container	v2.1	app16_cpu_oversub	netp	desc	0.5	0500ms	0	
container	v2.1	app16_cpu_oversub	netp	desc	1	1000ms	0	
container	v2.1	app16_cpu_oversub	netp	desc	2	2000ms	0	
container	v2.1	app16_cpu_oversub	netp	desc	5	5000ms	0	
container	v2.1	app16_cpu_oversub	nets	desc	0.1	0100ms	0	
container	v2.1	app16_cpu_oversub	nets	desc	0.25	0250ms	0	
container	v2.1	app16_cpu_oversub	nets	desc	0.5	0500ms	0	
container	v2.1	app16_cpu_oversub	nets	desc	1	1000ms	0	
container	v2.1	app16_cpu_oversub	nets	desc	2	2000ms	0	
container	v2.1	app16_cpu_oversub	nets	desc	5	5000ms	0	
container	v2.1	app16_cpu_oversub	blk	desc	0.1	0100ms	0	
container	v2.1	app16_cpu_oversub	blk	desc	0.25	0250ms	0	
container	v2.1	app16_cpu_oversub	blk	desc	0.5	0500ms	0	
container	v2.1	app16_cpu_oversub	blk	desc	1	1000ms	0	
container	v2.1	app16_cpu_oversub	blk	desc	2	2000ms	0	
container	v2.1	app16_cpu_oversub	blk	desc	5	5000ms	0	
container	v2.1	app16_cpu_oversub	mbw	desc	0.1	0100ms	1	
container	v2.1	app16_cpu_oversub	mbw	desc	0.25	0250ms	1	0
container	v2.1	app16_cpu_oversub	mbw	desc	0.5	0500ms	1	0
container	v2.1	app16_cpu_oversub	mbw	desc	1	1000ms	0	-1
container	v2.1	app16_cpu_oversub	mbw	desc	2	2000ms	1	0
container	v2.1	app16_cpu_oversub	mbw	desc	5	5000ms	0	-1
container	v2.1	app16_cpu_oversub	llcmr	dir	0.1	0100ms	32	
container	v2.1	app16_cpu_oversub	llcmr	dir	0.25	0250ms	28	-0.125
container	v2.1	app16_cpu_oversub	llcmr	dir	0.5	0500ms	26	-0.1875
container	v2.1	app16_cpu_oversub	llcmr	dir	1	1000ms	24	-0.25
container	v2.1	app16_cpu_oversub	llcmr	dir	2	2000ms	24	-0.25
container	v2.1	app16_cpu_oversub	llcmr	dir	5	5000ms	24	-0.25
container	v2.1	app16_cpu_oversub	llcocc	desc	0.1	0100ms	72	
container	v2.1	app16_cpu_oversub	llcocc	desc	0.25	0250ms	79	0.0972222
container	v2.1	app16_cpu_oversub	llcocc	desc	0.5	0500ms	81	0.125
container	v2.1	app16_cpu_oversub	llcocc	desc	1	1000ms	80	0.111111
container	v2.1	app16_cpu_oversub	llcocc	desc	2	2000ms	81	0.125
container	v2.1	app16_cpu_oversub	llcocc	desc	5	5000ms	81	0.125
container	v2.1	app16_cpu_oversub	cpu	abs	0.1	0100ms	33	
container	v2.1	app16_cpu_oversub	cpu	abs	0.25	0250ms	33	0
container	v2.1	app16_cpu_oversub	cpu	abs	0.5	0500ms	33	0
container	v2.1	app16_cpu_oversub	cpu	abs	1	1000ms	33	0
container	v2.1	app16_cpu_oversub	cpu	abs	2	2000ms	33	0
container	v2.1	app16_cpu_oversub	cpu	abs	5	5000ms	33	0
container	v2.1	app16_cpu_oversub	schedlat	dir	0.1	0100ms	100	
container	v2.1	app16_cpu_oversub	schedlat	dir	0.25	0250ms	100	0
container	v2.1	app16_cpu_oversub	schedlat	dir	0.5	0500ms	100	0
container	v2.1	app16_cpu_oversub	schedlat	dir	1	1000ms	100	0
container	v2.1	app16_cpu_oversub	schedlat	dir	2	2000ms	100	0
container	v2.1	app16_cpu_oversub	schedlat	dir	5	5000ms	100	0
container	v2.1	app16_cpu_oversub	psi_mem	desc	0.1	0100ms	0	
container	v2.1	app16_cpu_oversub	psi_mem	desc	0.25	0250ms	0	
container	v2.1	app16_cpu_oversub	psi_mem	desc	0.5	0500ms	0	
container	v2.1	app16_cpu_oversub	psi_mem	desc	1	1000ms	0	
container	v2.1	app16_cpu_oversub	psi_mem	desc	2	2000ms	0	
container	v2.1	app16_cpu_oversub	psi_mem	desc	5	5000ms	0	
container	v2.1	app16_cpu_oversub	membw_est	desc	0.1	0100ms	156	
container	v2.1	app16_cpu_oversub	membw_est	desc	0.25	0250ms	140	-0.102564
container	v2.1	app16_cpu_oversub	membw_est	desc	0.5	0500ms	129	-0.173077
container	v2.1	app16_cpu_oversub	membw_est	desc	1	1000ms	119	-0.237179
container	v2.1	app16_cpu_oversub	membw_est	desc	2	2000ms	117	-0.25
container	v2.1	app16_cpu_oversub	membw_est	desc	5	5000ms	115.5	-0.259615
container	v2.1	app16_cpu_oversub	psi_io	desc	0.1	0100ms	0	
container	v2.1	app16_cpu_oversub	psi_io	desc	0.25	0250ms	0	
container	v2.1	app16_cpu_oversub	psi_io	desc	0.5	0500ms	0	
container	v2.1	app16_cpu_oversub	psi_io	desc	1	1000ms	0	
container	v2.1	app16_cpu_oversub	psi_io	desc	2	2000ms	0	
container	v2.1	app16_cpu_oversub	psi_io	desc	5	5000ms	0	
container	v2.1	app16_cpu_oversub	schedthr	desc	0.1	0100ms	0	
container	v2.1	app16_cpu_oversub	schedthr	desc	0.25	0250ms	0	
container	v2.1	app16_cpu_oversub	schedthr	desc	0.5	0500ms	0	
container	v2.1	app16_cpu_oversub	schedthr	desc	1	1000ms	1	
container	v2.1	app16_cpu_oversub	schedthr	desc	2	2000ms	1	
container	v2.1	app16_cpu_oversub	schedthr	desc	5	5000ms	1	
container	v2.1	app16_cpu_oversub	steal	desc	0.1	0100ms	0	
container	v2.1	app16_cpu_oversub	steal	desc	0.25	0250ms	0	
container	v2.1	app16_cpu_oversub	steal	desc	0.5	0500ms	0	
container	v2.1	app16_cpu_oversub	steal	desc	1	1000ms	0	
container	v2.1	app16_cpu_oversub	steal	desc	2	2000ms	0	
container	v2.1	app16_cpu_oversub	steal	desc	5	5000ms	0	
container	v2.1	app16_cpu_oversub	psp	dir	0.1	0100ms	5490	
container	v2.1	app16_cpu_oversub	psp	dir	0.25	0250ms	5408	-0.0149362
container	v2.1	app16_cpu_oversub	psp	dir	0.5	0500ms	5380	-0.0200364
container	v2.1	app16_cpu_oversub	psp	dir	1	1000ms	5359	-0.0238616
container	v2.1	app16_cpu_oversub	psp	dir	2	2000ms	5350	-0.0255009
container	v2.1	app16_cpu_oversub	psp	dir	5	5000ms	5338.5	-0.0275956
container	v3.3	app05_streaming	netp	desc	0.1	0100ms	0	
container	v3.3	app05_streaming	netp	desc	0.25	0250ms	0	
container	v3.3	app05_streaming	netp	desc	0.5	0500ms	0	
container	v3.3	app05_streaming	netp	desc	1	1000ms	0	
container	v3.3	app05_streaming	netp	desc	2	2000ms	0	
container	v3.3	app05_streaming	netp	desc	5	5000ms	0	
container	v3.3	app05_streaming	nets	desc	0.1	0100ms	0	
container	v3.3	app05_streaming	nets	desc	0.25	0250ms	0	
container	v3.3	app05_streaming	nets	desc	0.5	0500ms	0	
container	v3.3	app05_streaming	nets	desc	1	1000ms	0	
container	v3.3	app05_streaming	nets	desc	2	2000ms	0	
container	v3.3	app05_streaming	nets	desc	5	5000ms	0	
container	v3.3	app05_streaming	blk	desc	0.1	0100ms	0	
container	v3.3	app05_streaming	blk	desc	0.25	0250ms	0	
container	v3.3	app05_streaming	blk	desc	0.5	0500ms	0	
container	v3.3	app05_streaming	blk	desc	1	1000ms	0	
container	v3.3	app05_streaming	blk	desc	2	2000ms	0	
container	v3.3	app05_streaming	blk	desc	5	5000ms	0	
container	v3.3	app05_streaming	mbw	desc	0.1	0100ms	51	
container	v3.3	app05_streaming	mbw	desc	0.25	0250ms	48	-0.0588235
container	v3.3	app05_streaming	mbw	desc	0.5	0500ms	52	0.0196078
container	v3.3	app05_streaming	mbw	desc	1	1000ms	49	-0.0392157
container	v3.3	app05_streaming	mbw	desc	2	2000ms	51	0
container	v3.3	app05_streaming	mbw	desc	5	5000ms	49	-0.0392157
container	v3.3	app05_streaming	llcmr	dir	0.1	0100ms	96	
container	v3.3	app05_streaming	llcmr	dir	0.25	0250ms	96	0
container	v3.3	app05_streaming	llcmr	dir	0.5	0500ms	96	0
container	v3.3	app05_streaming	llcmr	dir	1	1000ms	96	0
container	v3.3	app05_streaming	llcmr	dir	2	2000ms	96	0
container	v3.3	app05_streaming	llcmr	dir	5	5000ms	97	0.0104167
container	v3.3	app05_streaming	llcocc	desc	0.1	0100ms	84	
container	v3.3	app05_streaming	llcocc	desc	0.25	0250ms	94	0.119048
container	v3.3	app05_streaming	llcocc	desc	0.5	0500ms	95	0.130952
container	v3.3	app05_streaming	llcocc	desc	1	1000ms	95	0.130952
container	v3.3	app05_streaming	llcocc	desc	2	2000ms	96	0.142857
container	v3.3	app05_streaming	llcocc	desc	5	5000ms	96	0.142857
container	v3.3	app05_streaming	cpu	abs	0.1	0100ms	25	
container	v3.3	app05_streaming	cpu	abs	0.25	0250ms	25	0
container	v3.3	app05_streaming	cpu	abs	0.5	0500ms	25	0
container	v3.3	app05_streaming	cpu	abs	1	1000ms	25	0
container	v3.3	app05_streaming	cpu	abs	2	2000ms	25	0
container	v3.3	app05_streaming	cpu	abs	5	5000ms	25	0
container	v3.3	app05_streaming	schedlat	dir	0.1	0100ms	0	
container	v3.3	app05_streaming	schedlat	dir	0.25	0250ms	0	
container	v3.3	app05_streaming	schedlat	dir	0.5	0500ms	0	
container	v3.3	app05_streaming	schedlat	dir	1	1000ms	0	
container	v3.3	app05_streaming	schedlat	dir	2	2000ms	0	
container	v3.3	app05_streaming	schedlat	dir	5	5000ms	0	
container	v3.3	app05_streaming	psi_mem	desc	0.1	0100ms	0	
container	v3.3	app05_streaming	psi_mem	desc	0.25	0250ms	0	
container	v3.3	app05_streaming	psi_mem	desc	0.5	0500ms	0	
container	v3.3	app05_streaming	psi_mem	desc	1	1000ms	0	
container	v3.3	app05_streaming	psi_mem	desc	2	2000ms	0	
container	v3.3	app05_streaming	psi_mem	desc	5	5000ms	0	
container	v3.3	app05_streaming	membw_est	desc	0.1	0100ms	6062	
container	v3.3	app05_streaming	membw_est	desc	0.25	0250ms	5947.5	-0.0188882
container	v3.3	app05_streaming	membw_est	desc	0.5	0500ms	6095.5	0.00552623
container	v3.3	app05_streaming	membw_est	desc	1	1000ms	6087	0.00412405
container	v3.3	app05_streaming	membw_est	desc	2	2000ms	6100	0.00626856
container	v3.3	app05_streaming	membw_est	desc	5	5000ms	6353	0.048004
container	v3.3	app05_streaming	psi_io	desc	0.1	0100ms	0	
container	v3.3	app05_streaming	psi_io	desc	0.25	0250ms	0	
container	v3.3	app05_streaming	psi_io	desc	0.5	0500ms	0	
container	v3.3	app05_streaming	psi_io	desc	1	1000ms	0	
container	v3.3	app05_streaming	psi_io	desc	2	2000ms	0	
container	v3.3	app05_streaming	psi_io	desc	5	5000ms	0	
container	v3.3	app05_streaming	schedthr	desc	0.1	0100ms	0	
container	v3.3	app05_streaming	schedthr	desc	0.25	0250ms	0	
container	v3.3	app05_streaming	schedthr	desc	0.5	0500ms	0	
container	v3.3	app05_streaming	schedthr	desc	1	1000ms	0	
container	v3.3	app05_streaming	schedthr	desc	2	2000ms	0	
container	v3.3	app05_streaming	schedthr	desc	5	5000ms	0	
container	v3.3	app05_streaming	steal	desc	0.1	0100ms	0	
container	v3.3	app05_streaming	steal	desc	0.25	0250ms	0	
container	v3.3	app05_streaming	steal	desc	0.5	0500ms	0	
container	v3.3	app05_streaming	steal	desc	1	1000ms	0	
container	v3.3	app05_streaming	steal	desc	2	2000ms	0	
container	v3.3	app05_streaming	steal	desc	5	5000ms	0	
container	v3.3	app05_streaming	psp	dir	0.1	0100ms	148	
container	v3.3	app05_streaming	psp	dir	0.25	0250ms	68	-0.540541
container	v3.3	app05_streaming	psp	dir	0.5	0500ms	42	-0.716216
container	v3.3	app05_streaming	psp	dir	1	1000ms	31	-0.790541
container	v3.3	app05_streaming	psp	dir	2	2000ms	25	-0.831081
container	v3.3	app05_streaming	psp	dir	5	5000ms	21	-0.858108
container	v3.3	app05_streaming	idle_preempt	dir	0.1	0100ms	0	
container	v3.3	app05_streaming	idle_preempt	dir	0.25	0250ms	0	
container	v3.3	app05_streaming	idle_preempt	dir	0.5	0500ms	0	
container	v3.3	app05_streaming	idle_preempt	dir	1	1000ms	0	
container	v3.3	app05_streaming	idle_preempt	dir	2	2000ms	0	
container	v3.3	app05_streaming	idle_preempt	dir	5	5000ms	0	
container	v3.3	app16_cpu_oversub	netp	desc	0.1	0100ms	0	
container	v3.3	app16_cpu_oversub	netp	desc	0.25	0250ms	0	
container	v3.3	app16_cpu_oversub	netp	desc	0.5	0500ms	0	
container	v3.3	app16_cpu_oversub	netp	desc	1	1000ms	0	
container	v3.3	app16_cpu_oversub	netp	desc	2	2000ms	0	
container	v3.3	app16_cpu_oversub	netp	desc	5	5000ms	0	
container	v3.3	app16_cpu_oversub	nets	desc	0.1	0100ms	0	
container	v3.3	app16_cpu_oversub	nets	desc	0.25	0250ms	0	
container	v3.3	app16_cpu_oversub	nets	desc	0.5	0500ms	0	
container	v3.3	app16_cpu_oversub	nets	desc	1	1000ms	0	
container	v3.3	app16_cpu_oversub	nets	desc	2	2000ms	0	
container	v3.3	app16_cpu_oversub	nets	desc	5	5000ms	0	
container	v3.3	app16_cpu_oversub	blk	desc	0.1	0100ms	0	
container	v3.3	app16_cpu_oversub	blk	desc	0.25	0250ms	0	
container	v3.3	app16_cpu_oversub	blk	desc	0.5	0500ms	0	
container	v3.3	app16_cpu_oversub	blk	desc	1	1000ms	0	
container	v3.3	app16_cpu_oversub	blk	desc	2	2000ms	0	
container	v3.3	app16_cpu_oversub	blk	desc	5	5000ms	0	
container	v3.3	app16_cpu_oversub	mbw	desc	0.1	0100ms	1	
container	v3.3	app16_cpu_oversub	mbw	desc	0.25	0250ms	1	0
container	v3.3	app16_cpu_oversub	mbw	desc	0.5	0500ms	1	0
container	v3.3	app16_cpu_oversub	mbw	desc	1	1000ms	1	0
container	v3.3	app16_cpu_oversub	mbw	desc	2	2000ms	1	0
container	v3.3	app16_cpu_oversub	mbw	desc	5	5000ms	1	0
container	v3.3	app16_cpu_oversub	llcmr	dir	0.1	0100ms	33	
container	v3.3	app16_cpu_oversub	llcmr	dir	0.25	0250ms	29	-0.121212
container	v3.3	app16_cpu_oversub	llcmr	dir	0.5	0500ms	27	-0.181818
container	v3.3	app16_cpu_oversub	llcmr	dir	1	1000ms	25	-0.242424
container	v3.3	app16_cpu_oversub	llcmr	dir	2	2000ms	25	-0.242424
container	v3.3	app16_cpu_oversub	llcmr	dir	5	5000ms	25	-0.242424
container	v3.3	app16_cpu_oversub	llcocc	desc	0.1	0100ms	71	
container	v3.3	app16_cpu_oversub	llcocc	desc	0.25	0250ms	79	0.112676
container	v3.3	app16_cpu_oversub	llcocc	desc	0.5	0500ms	81	0.140845
container	v3.3	app16_cpu_oversub	llcocc	desc	1	1000ms	81	0.140845
container	v3.3	app16_cpu_oversub	llcocc	desc	2	2000ms	79	0.112676
container	v3.3	app16_cpu_oversub	llcocc	desc	5	5000ms	80	0.126761
container	v3.3	app16_cpu_oversub	cpu	abs	0.1	0100ms	33	
container	v3.3	app16_cpu_oversub	cpu	abs	0.25	0250ms	33	0
container	v3.3	app16_cpu_oversub	cpu	abs	0.5	0500ms	33	0
container	v3.3	app16_cpu_oversub	cpu	abs	1	1000ms	33	0
container	v3.3	app16_cpu_oversub	cpu	abs	2	2000ms	33	0
container	v3.3	app16_cpu_oversub	cpu	abs	5	5000ms	33	0
container	v3.3	app16_cpu_oversub	schedlat	dir	0.1	0100ms	100	
container	v3.3	app16_cpu_oversub	schedlat	dir	0.25	0250ms	100	0
container	v3.3	app16_cpu_oversub	schedlat	dir	0.5	0500ms	100	0
container	v3.3	app16_cpu_oversub	schedlat	dir	1	1000ms	100	0
container	v3.3	app16_cpu_oversub	schedlat	dir	2	2000ms	100	0
container	v3.3	app16_cpu_oversub	schedlat	dir	5	5000ms	100	0
container	v3.3	app16_cpu_oversub	psi_mem	desc	0.1	0100ms	0	
container	v3.3	app16_cpu_oversub	psi_mem	desc	0.25	0250ms	0	
container	v3.3	app16_cpu_oversub	psi_mem	desc	0.5	0500ms	0	
container	v3.3	app16_cpu_oversub	psi_mem	desc	1	1000ms	0	
container	v3.3	app16_cpu_oversub	psi_mem	desc	2	2000ms	0	
container	v3.3	app16_cpu_oversub	psi_mem	desc	5	5000ms	0	
container	v3.3	app16_cpu_oversub	membw_est	desc	0.1	0100ms	163	
container	v3.3	app16_cpu_oversub	membw_est	desc	0.25	0250ms	147	-0.0981595
container	v3.3	app16_cpu_oversub	membw_est	desc	0.5	0500ms	135	-0.171779
container	v3.3	app16_cpu_oversub	membw_est	desc	1	1000ms	125	-0.233129
container	v3.3	app16_cpu_oversub	membw_est	desc	2	2000ms	123	-0.245399
container	v3.3	app16_cpu_oversub	membw_est	desc	5	5000ms	123	-0.245399
container	v3.3	app16_cpu_oversub	psi_io	desc	0.1	0100ms	0	
container	v3.3	app16_cpu_oversub	psi_io	desc	0.25	0250ms	0	
container	v3.3	app16_cpu_oversub	psi_io	desc	0.5	0500ms	0	
container	v3.3	app16_cpu_oversub	psi_io	desc	1	1000ms	0	
container	v3.3	app16_cpu_oversub	psi_io	desc	2	2000ms	0	
container	v3.3	app16_cpu_oversub	psi_io	desc	5	5000ms	0	
container	v3.3	app16_cpu_oversub	schedthr	desc	0.1	0100ms	0	
container	v3.3	app16_cpu_oversub	schedthr	desc	0.25	0250ms	1	
container	v3.3	app16_cpu_oversub	schedthr	desc	0.5	0500ms	1	
container	v3.3	app16_cpu_oversub	schedthr	desc	1	1000ms	1	
container	v3.3	app16_cpu_oversub	schedthr	desc	2	2000ms	1	
container	v3.3	app16_cpu_oversub	schedthr	desc	5	5000ms	1	
container	v3.3	app16_cpu_oversub	steal	desc	0.1	0100ms	0	
container	v3.3	app16_cpu_oversub	steal	desc	0.25	0250ms	0	
container	v3.3	app16_cpu_oversub	steal	desc	0.5	0500ms	0	
container	v3.3	app16_cpu_oversub	steal	desc	1	1000ms	0	
container	v3.3	app16_cpu_oversub	steal	desc	2	2000ms	0	
container	v3.3	app16_cpu_oversub	steal	desc	5	5000ms	0	
container	v3.3	app16_cpu_oversub	psp	dir	0.1	0100ms	5514	
container	v3.3	app16_cpu_oversub	psp	dir	0.25	0250ms	5415	-0.0179543
container	v3.3	app16_cpu_oversub	psp	dir	0.5	0500ms	5380	-0.0243018
container	v3.3	app16_cpu_oversub	psp	dir	1	1000ms	5362	-0.0275662
container	v3.3	app16_cpu_oversub	psp	dir	2	2000ms	5351	-0.0295611
container	v3.3	app16_cpu_oversub	psp	dir	5	5000ms	5327.5	-0.033823
container	v3.3	app16_cpu_oversub	idle_preempt	dir	0.1	0100ms	10	
container	v3.3	app16_cpu_oversub	idle_preempt	dir	0.25	0250ms	12	0.2
container	v3.3	app16_cpu_oversub	idle_preempt	dir	0.5	0500ms	12	0.2
container	v3.3	app16_cpu_oversub	idle_preempt	dir	1	1000ms	14	0.4
container	v3.3	app16_cpu_oversub	idle_preempt	dir	2	2000ms	13	0.3
container	v3.3	app16_cpu_oversub	idle_preempt	dir	5	5000ms	14	0.4
vm-guest	v2.1	app05_streaming	netp	desc	0.1	0100ms	0	
vm-guest	v2.1	app05_streaming	netp	desc	0.25	0250ms	0	
vm-guest	v2.1	app05_streaming	netp	desc	0.5	0500ms	0	
vm-guest	v2.1	app05_streaming	netp	desc	1	1000ms	0	
vm-guest	v2.1	app05_streaming	netp	desc	2	2000ms	0	
vm-guest	v2.1	app05_streaming	netp	desc	5	5000ms	0	
vm-guest	v2.1	app05_streaming	nets	desc	0.1	0100ms	0	
vm-guest	v2.1	app05_streaming	nets	desc	0.25	0250ms	0	
vm-guest	v2.1	app05_streaming	nets	desc	0.5	0500ms	0	
vm-guest	v2.1	app05_streaming	nets	desc	1	1000ms	0	
vm-guest	v2.1	app05_streaming	nets	desc	2	2000ms	0	
vm-guest	v2.1	app05_streaming	nets	desc	5	5000ms	0	
vm-guest	v2.1	app05_streaming	blk	desc	0.1	0100ms	0	
vm-guest	v2.1	app05_streaming	blk	desc	0.25	0250ms	0	
vm-guest	v2.1	app05_streaming	blk	desc	0.5	0500ms	0	
vm-guest	v2.1	app05_streaming	blk	desc	1	1000ms	0	
vm-guest	v2.1	app05_streaming	blk	desc	2	2000ms	0	
vm-guest	v2.1	app05_streaming	blk	desc	5	5000ms	0	
vm-guest	v2.1	app05_streaming	llcmr	dir	0.1	0100ms	87	
vm-guest	v2.1	app05_streaming	llcmr	dir	0.25	0250ms	87	0
vm-guest	v2.1	app05_streaming	llcmr	dir	0.5	0500ms	87	0
vm-guest	v2.1	app05_streaming	llcmr	dir	1	1000ms	87	0
vm-guest	v2.1	app05_streaming	llcmr	dir	2	2000ms	86	-0.0114943
vm-guest	v2.1	app05_streaming	llcmr	dir	5	5000ms	86	-0.0114943
vm-guest	v2.1	app05_streaming	llcocc	desc	0.1	0100ms	87	
vm-guest	v2.1	app05_streaming	llcocc	desc	0.25	0250ms	86	-0.0114943
vm-guest	v2.1	app05_streaming	llcocc	desc	0.5	0500ms	86	-0.0114943
vm-guest	v2.1	app05_streaming	llcocc	desc	1	1000ms	87	0
vm-guest	v2.1	app05_streaming	llcocc	desc	2	2000ms	86	-0.0114943
vm-guest	v2.1	app05_streaming	llcocc	desc	5	5000ms	86	-0.0114943
vm-guest	v2.1	app05_streaming	cpu	abs	0.1	0100ms	75	
vm-guest	v2.1	app05_streaming	cpu	abs	0.25	0250ms	75	0
vm-guest	v2.1	app05_streaming	cpu	abs	0.5	0500ms	75	0
vm-guest	v2.1	app05_streaming	cpu	abs	1	1000ms	75	0
vm-guest	v2.1	app05_streaming	cpu	abs	2	2000ms	75	0
vm-guest	v2.1	app05_streaming	cpu	abs	5	5000ms	75	0
vm-guest	v2.1	app05_streaming	schedlat	dir	0.1	0100ms	0	
vm-guest	v2.1	app05_streaming	schedlat	dir	0.25	0250ms	0	
vm-guest	v2.1	app05_streaming	schedlat	dir	0.5	0500ms	0	
vm-guest	v2.1	app05_streaming	schedlat	dir	1	1000ms	0	
vm-guest	v2.1	app05_streaming	schedlat	dir	2	2000ms	0	
vm-guest	v2.1	app05_streaming	schedlat	dir	5	5000ms	0	
vm-guest	v2.1	app05_streaming	psi_mem	desc	0.1	0100ms	0	
vm-guest	v2.1	app05_streaming	psi_mem	desc	0.25	0250ms	0	
vm-guest	v2.1	app05_streaming	psi_mem	desc	0.5	0500ms	0	
vm-guest	v2.1	app05_streaming	psi_mem	desc	1	1000ms	0	
vm-guest	v2.1	app05_streaming	psi_mem	desc	2	2000ms	0	
vm-guest	v2.1	app05_streaming	psi_mem	desc	5	5000ms	0	
vm-guest	v2.1	app05_streaming	membw_est	desc	0.1	0100ms	79731	
vm-guest	v2.1	app05_streaming	membw_est	desc	0.25	0250ms	79768	0.00046406
vm-guest	v2.1	app05_streaming	membw_est	desc	0.5	0500ms	80108	0.0047284
vm-guest	v2.1	app05_streaming	membw_est	desc	1	1000ms	79837.5	0.00133574
vm-guest	v2.1	app05_streaming	membw_est	desc	2	2000ms	79990	0.00324842
vm-guest	v2.1	app05_streaming	membw_est	desc	5	5000ms	80042	0.00390062
vm-guest	v2.1	app05_streaming	psi_io	desc	0.1	0100ms	0	
vm-guest	v2.1	app05_streaming	psi_io	desc	0.25	0250ms	0	
vm-guest	v2.1	app05_streaming	psi_io	desc	0.5	0500ms	0	
vm-guest	v2.1	app05_streaming	psi_io	desc	1	1000ms	0	
vm-guest	v2.1	app05_streaming	psi_io	desc	2	2000ms	0	
vm-guest	v2.1	app05_streaming	psi_io	desc	5	5000ms	0	
vm-guest	v2.1	app05_streaming	schedthr	desc	0.1	0100ms	0	
vm-guest	v2.1	app05_streaming	schedthr	desc	0.25	0250ms	0	
vm-guest	v2.1	app05_streaming	schedthr	desc	0.5	0500ms	0	
vm-guest	v2.1	app05_streaming	schedthr	desc	1	1000ms	0	
vm-guest	v2.1	app05_streaming	schedthr	desc	2	2000ms	0	
vm-guest	v2.1	app05_streaming	schedthr	desc	5	5000ms	0	
vm-guest	v2.1	app05_streaming	steal	desc	0.1	0100ms	0	
vm-guest	v2.1	app05_streaming	steal	desc	0.25	0250ms	0	
vm-guest	v2.1	app05_streaming	steal	desc	0.5	0500ms	0	
vm-guest	v2.1	app05_streaming	steal	desc	1	1000ms	0	
vm-guest	v2.1	app05_streaming	steal	desc	2	2000ms	0	
vm-guest	v2.1	app05_streaming	steal	desc	5	5000ms	0	
vm-guest	v2.1	app05_streaming	psp	dir	0.1	0100ms	10	
vm-guest	v2.1	app05_streaming	psp	dir	0.25	0250ms	8	-0.2
vm-guest	v2.1	app05_streaming	psp	dir	0.5	0500ms	12	0.2
vm-guest	v2.1	app05_streaming	psp	dir	1	1000ms	12	0.2
vm-guest	v2.1	app05_streaming	psp	dir	2	2000ms	14	0.4
vm-guest	v2.1	app05_streaming	psp	dir	5	5000ms	13	0.3
vm-guest	v2.1	app16_cpu_oversub	netp	desc	0.1	0100ms	0	
vm-guest	v2.1	app16_cpu_oversub	netp	desc	0.25	0250ms	0	
vm-guest	v2.1	app16_cpu_oversub	netp	desc	0.5	0500ms	0	
vm-guest	v2.1	app16_cpu_oversub	netp	desc	1	1000ms	0	
vm-guest	v2.1	app16_cpu_oversub	netp	desc	2	2000ms	0	
vm-guest	v2.1	app16_cpu_oversub	netp	desc	5	5000ms	0	
vm-guest	v2.1	app16_cpu_oversub	nets	desc	0.1	0100ms	0	
vm-guest	v2.1	app16_cpu_oversub	nets	desc	0.25	0250ms	0	
vm-guest	v2.1	app16_cpu_oversub	nets	desc	0.5	0500ms	0	
vm-guest	v2.1	app16_cpu_oversub	nets	desc	1	1000ms	0	
vm-guest	v2.1	app16_cpu_oversub	nets	desc	2	2000ms	0	
vm-guest	v2.1	app16_cpu_oversub	nets	desc	5	5000ms	0	
vm-guest	v2.1	app16_cpu_oversub	blk	desc	0.1	0100ms	0	
vm-guest	v2.1	app16_cpu_oversub	blk	desc	0.25	0250ms	0	
vm-guest	v2.1	app16_cpu_oversub	blk	desc	0.5	0500ms	0	
vm-guest	v2.1	app16_cpu_oversub	blk	desc	1	1000ms	0	
vm-guest	v2.1	app16_cpu_oversub	blk	desc	2	2000ms	0	
vm-guest	v2.1	app16_cpu_oversub	blk	desc	5	5000ms	0	
vm-guest	v2.1	app16_cpu_oversub	llcmr	dir	0.1	0100ms	38	
vm-guest	v2.1	app16_cpu_oversub	llcmr	dir	0.25	0250ms	33	-0.131579
vm-guest	v2.1	app16_cpu_oversub	llcmr	dir	0.5	0500ms	30	-0.210526
vm-guest	v2.1	app16_cpu_oversub	llcmr	dir	1	1000ms	28	-0.263158
vm-guest	v2.1	app16_cpu_oversub	llcmr	dir	2	2000ms	27	-0.289474
vm-guest	v2.1	app16_cpu_oversub	llcmr	dir	5	5000ms	27	-0.289474
vm-guest	v2.1	app16_cpu_oversub	llcocc	desc	0.1	0100ms	36	
vm-guest	v2.1	app16_cpu_oversub	llcocc	desc	0.25	0250ms	30	-0.166667
vm-guest	v2.1	app16_cpu_oversub	llcocc	desc	0.5	0500ms	27	-0.25
vm-guest	v2.1	app16_cpu_oversub	llcocc	desc	1	1000ms	25	-0.305556
vm-guest	v2.1	app16_cpu_oversub	llcocc	desc	2	2000ms	25	-0.305556
vm-guest	v2.1	app16_cpu_oversub	llcocc	desc	5	5000ms	25	-0.305556
vm-guest	v2.1	app16_cpu_oversub	cpu	abs	0.1	0100ms	100	
vm-guest	v2.1	app16_cpu_oversub	cpu	abs	0.25	0250ms	100	0
vm-guest	v2.1	app16_cpu_oversub	cpu	abs	0.5	0500ms	100	0
vm-guest	v2.1	app16_cpu_oversub	cpu	abs	1	1000ms	100	0
vm-guest	v2.1	app16_cpu_oversub	cpu	abs	2	2000ms	100	0
vm-guest	v2.1	app16_cpu_oversub	cpu	abs	5	5000ms	100	0
vm-guest	v2.1	app16_cpu_oversub	schedlat	dir	0.1	0100ms	100	
vm-guest	v2.1	app16_cpu_oversub	schedlat	dir	0.25	0250ms	100	0
vm-guest	v2.1	app16_cpu_oversub	schedlat	dir	0.5	0500ms	100	0
vm-guest	v2.1	app16_cpu_oversub	schedlat	dir	1	1000ms	100	0
vm-guest	v2.1	app16_cpu_oversub	schedlat	dir	2	2000ms	100	0
vm-guest	v2.1	app16_cpu_oversub	schedlat	dir	5	5000ms	100	0
vm-guest	v2.1	app16_cpu_oversub	psi_mem	desc	0.1	0100ms	0	
vm-guest	v2.1	app16_cpu_oversub	psi_mem	desc	0.25	0250ms	0	
vm-guest	v2.1	app16_cpu_oversub	psi_mem	desc	0.5	0500ms	0	
vm-guest	v2.1	app16_cpu_oversub	psi_mem	desc	1	1000ms	0	
vm-guest	v2.1	app16_cpu_oversub	psi_mem	desc	2	2000ms	0	
vm-guest	v2.1	app16_cpu_oversub	psi_mem	desc	5	5000ms	0	
vm-guest	v2.1	app16_cpu_oversub	membw_est	desc	0.1	0100ms	1604	
vm-guest	v2.1	app16_cpu_oversub	membw_est	desc	0.25	0250ms	1430	-0.108479
vm-guest	v2.1	app16_cpu_oversub	membw_est	desc	0.5	0500ms	1318	-0.178304
vm-guest	v2.1	app16_cpu_oversub	membw_est	desc	1	1000ms	1238.5	-0.227868
vm-guest	v2.1	app16_cpu_oversub	membw_est	desc	2	2000ms	1217	-0.241272
vm-guest	v2.1	app16_cpu_oversub	membw_est	desc	5	5000ms	1209	-0.246259
vm-guest	v2.1	app16_cpu_oversub	psi_io	desc	0.1	0100ms	0	
vm-guest	v2.1	app16_cpu_oversub	psi_io	desc	0.25	0250ms	0	
vm-guest	v2.1	app16_cpu_oversub	psi_io	desc	0.5	0500ms	0	
vm-guest	v2.1	app16_cpu_oversub	psi_io	desc	1	1000ms	0	
vm-guest	v2.1	app16_cpu_oversub	psi_io	desc	2	2000ms	0	
vm-guest	v2.1	app16_cpu_oversub	psi_io	desc	5	5000ms	0	
vm-guest	v2.1	app16_cpu_oversub	schedthr	desc	0.1	0100ms	0	
vm-guest	v2.1	app16_cpu_oversub	schedthr	desc	0.25	0250ms	0	
vm-guest	v2.1	app16_cpu_oversub	schedthr	desc	0.5	0500ms	0	
vm-guest	v2.1	app16_cpu_oversub	schedthr	desc	1	1000ms	0	
vm-guest	v2.1	app16_cpu_oversub	schedthr	desc	2	2000ms	0	
vm-guest	v2.1	app16_cpu_oversub	schedthr	desc	5	5000ms	0	
vm-guest	v2.1	app16_cpu_oversub	steal	desc	0.1	0100ms	0	
vm-guest	v2.1	app16_cpu_oversub	steal	desc	0.25	0250ms	0	
vm-guest	v2.1	app16_cpu_oversub	steal	desc	0.5	0500ms	0	
vm-guest	v2.1	app16_cpu_oversub	steal	desc	1	1000ms	0	
vm-guest	v2.1	app16_cpu_oversub	steal	desc	2	2000ms	0	
vm-guest	v2.1	app16_cpu_oversub	steal	desc	5	5000ms	0	
vm-guest	v2.1	app16_cpu_oversub	psp	dir	0.1	0100ms	5320	
vm-guest	v2.1	app16_cpu_oversub	psp	dir	0.25	0250ms	5348	0.00526316
vm-guest	v2.1	app16_cpu_oversub	psp	dir	0.5	0500ms	5348	0.00526316
vm-guest	v2.1	app16_cpu_oversub	psp	dir	1	1000ms	5348	0.00526316
vm-guest	v2.1	app16_cpu_oversub	psp	dir	2	2000ms	5349	0.00545113
vm-guest	v2.1	app16_cpu_oversub	psp	dir	5	5000ms	5348	0.00526316
vm-guest	v3.3	app05_streaming	netp	desc	0.1	0100ms	0	
vm-guest	v3.3	app05_streaming	netp	desc	0.25	0250ms	0	
vm-guest	v3.3	app05_streaming	netp	desc	0.5	0500ms	0	
vm-guest	v3.3	app05_streaming	netp	desc	1	1000ms	0	
vm-guest	v3.3	app05_streaming	netp	desc	2	2000ms	0	
vm-guest	v3.3	app05_streaming	netp	desc	5	5000ms	0	
vm-guest	v3.3	app05_streaming	nets	desc	0.1	0100ms	0	
vm-guest	v3.3	app05_streaming	nets	desc	0.25	0250ms	0	
vm-guest	v3.3	app05_streaming	nets	desc	0.5	0500ms	0	
vm-guest	v3.3	app05_streaming	nets	desc	1	1000ms	0	
vm-guest	v3.3	app05_streaming	nets	desc	2	2000ms	0	
vm-guest	v3.3	app05_streaming	nets	desc	5	5000ms	0	
vm-guest	v3.3	app05_streaming	blk	desc	0.1	0100ms	0	
vm-guest	v3.3	app05_streaming	blk	desc	0.25	0250ms	0	
vm-guest	v3.3	app05_streaming	blk	desc	0.5	0500ms	0	
vm-guest	v3.3	app05_streaming	blk	desc	1	1000ms	0	
vm-guest	v3.3	app05_streaming	blk	desc	2	2000ms	0	
vm-guest	v3.3	app05_streaming	blk	desc	5	5000ms	0	
vm-guest	v3.3	app05_streaming	llcmr	dir	0.1	0100ms	87	
vm-guest	v3.3	app05_streaming	llcmr	dir	0.25	0250ms	87	0
vm-guest	v3.3	app05_streaming	llcmr	dir	0.5	0500ms	87	0
vm-guest	v3.3	app05_streaming	llcmr	dir	1	1000ms	87	0
vm-guest	v3.3	app05_streaming	llcmr	dir	2	2000ms	87	0
vm-guest	v3.3	app05_streaming	llcmr	dir	5	5000ms	87	0
vm-guest	v3.3	app05_streaming	cpu	abs	0.1	0100ms	6	
vm-guest	v3.3	app05_streaming	cpu	abs	0.25	0250ms	24	3
vm-guest	v3.3	app05_streaming	cpu	abs	0.5	0500ms	48	7
vm-guest	v3.3	app05_streaming	cpu	abs	1	1000ms	43	6.16667
vm-guest	v3.3	app05_streaming	cpu	abs	2	2000ms	56	8.33333
vm-guest	v3.3	app05_streaming	cpu	abs	5	5000ms	69	10.5
vm-guest	v3.3	app05_streaming	schedlat	dir	0.1	0100ms	0	
vm-guest	v3.3	app05_streaming	schedlat	dir	0.25	0250ms	0	
vm-guest	v3.3	app05_streaming	schedlat	dir	0.5	0500ms	0	
vm-guest	v3.3	app05_streaming	schedlat	dir	1	1000ms	0	
vm-guest	v3.3	app05_streaming	schedlat	dir	2	2000ms	0	
vm-guest	v3.3	app05_streaming	schedlat	dir	5	5000ms	0	
vm-guest	v3.3	app05_streaming	psi_mem	desc	0.1	0100ms	0	
vm-guest	v3.3	app05_streaming	psi_mem	desc	0.25	0250ms	0	
vm-guest	v3.3	app05_streaming	psi_mem	desc	0.5	0500ms	0	
vm-guest	v3.3	app05_streaming	psi_mem	desc	1	1000ms	0	
vm-guest	v3.3	app05_streaming	psi_mem	desc	2	2000ms	0	
vm-guest	v3.3	app05_streaming	psi_mem	desc	5	5000ms	0	
vm-guest	v3.3	app05_streaming	membw_est	desc	0.1	0100ms	74863.5	
vm-guest	v3.3	app05_streaming	membw_est	desc	0.25	0250ms	74954	0.00120887
vm-guest	v3.3	app05_streaming	membw_est	desc	0.5	0500ms	75500.5	0.00850882
vm-guest	v3.3	app05_streaming	membw_est	desc	1	1000ms	75502.5	0.00853553
vm-guest	v3.3	app05_streaming	membw_est	desc	2	2000ms	75405	0.00723316
vm-guest	v3.3	app05_streaming	membw_est	desc	5	5000ms	75344	0.00641835
vm-guest	v3.3	app05_streaming	psi_io	desc	0.1	0100ms	0	
vm-guest	v3.3	app05_streaming	psi_io	desc	0.25	0250ms	0	
vm-guest	v3.3	app05_streaming	psi_io	desc	0.5	0500ms	0	
vm-guest	v3.3	app05_streaming	psi_io	desc	1	1000ms	0	
vm-guest	v3.3	app05_streaming	psi_io	desc	2	2000ms	0	
vm-guest	v3.3	app05_streaming	psi_io	desc	5	5000ms	0	
vm-guest	v3.3	app05_streaming	schedthr	desc	0.1	0100ms	0	
vm-guest	v3.3	app05_streaming	schedthr	desc	0.25	0250ms	0	
vm-guest	v3.3	app05_streaming	schedthr	desc	0.5	0500ms	0	
vm-guest	v3.3	app05_streaming	schedthr	desc	1	1000ms	0	
vm-guest	v3.3	app05_streaming	schedthr	desc	2	2000ms	0	
vm-guest	v3.3	app05_streaming	schedthr	desc	5	5000ms	0	
vm-guest	v3.3	app05_streaming	steal	desc	0.1	0100ms	0	
vm-guest	v3.3	app05_streaming	steal	desc	0.25	0250ms	0	
vm-guest	v3.3	app05_streaming	steal	desc	0.5	0500ms	0	
vm-guest	v3.3	app05_streaming	steal	desc	1	1000ms	0	
vm-guest	v3.3	app05_streaming	steal	desc	2	2000ms	0	
vm-guest	v3.3	app05_streaming	steal	desc	5	5000ms	0	
vm-guest	v3.3	app05_streaming	psp	dir	0.1	0100ms	10	
vm-guest	v3.3	app05_streaming	psp	dir	0.25	0250ms	8	-0.2
vm-guest	v3.3	app05_streaming	psp	dir	0.5	0500ms	12	0.2
vm-guest	v3.3	app05_streaming	psp	dir	1	1000ms	12	0.2
vm-guest	v3.3	app05_streaming	psp	dir	2	2000ms	14	0.4
vm-guest	v3.3	app05_streaming	psp	dir	5	5000ms	14.5	0.45
vm-guest	v3.3	app05_streaming	idle_preempt	dir	0.1	0100ms	0	
vm-guest	v3.3	app05_streaming	idle_preempt	dir	0.25	0250ms	0	
vm-guest	v3.3	app05_streaming	idle_preempt	dir	0.5	0500ms	0	
vm-guest	v3.3	app05_streaming	idle_preempt	dir	1	1000ms	0	
vm-guest	v3.3	app05_streaming	idle_preempt	dir	2	2000ms	0	
vm-guest	v3.3	app05_streaming	idle_preempt	dir	5	5000ms	0	
vm-guest	v3.3	app16_cpu_oversub	netp	desc	0.1	0100ms	0	
vm-guest	v3.3	app16_cpu_oversub	netp	desc	0.25	0250ms	0	
vm-guest	v3.3	app16_cpu_oversub	netp	desc	0.5	0500ms	0	
vm-guest	v3.3	app16_cpu_oversub	netp	desc	1	1000ms	0	
vm-guest	v3.3	app16_cpu_oversub	netp	desc	2	2000ms	0	
vm-guest	v3.3	app16_cpu_oversub	netp	desc	5	5000ms	0	
vm-guest	v3.3	app16_cpu_oversub	nets	desc	0.1	0100ms	0	
vm-guest	v3.3	app16_cpu_oversub	nets	desc	0.25	0250ms	0	
vm-guest	v3.3	app16_cpu_oversub	nets	desc	0.5	0500ms	0	
vm-guest	v3.3	app16_cpu_oversub	nets	desc	1	1000ms	0	
vm-guest	v3.3	app16_cpu_oversub	nets	desc	2	2000ms	0	
vm-guest	v3.3	app16_cpu_oversub	nets	desc	5	5000ms	0	
vm-guest	v3.3	app16_cpu_oversub	blk	desc	0.1	0100ms	0	
vm-guest	v3.3	app16_cpu_oversub	blk	desc	0.25	0250ms	0	
vm-guest	v3.3	app16_cpu_oversub	blk	desc	0.5	0500ms	0	
vm-guest	v3.3	app16_cpu_oversub	blk	desc	1	1000ms	0	
vm-guest	v3.3	app16_cpu_oversub	blk	desc	2	2000ms	0	
vm-guest	v3.3	app16_cpu_oversub	blk	desc	5	5000ms	0	
vm-guest	v3.3	app16_cpu_oversub	llcmr	dir	0.1	0100ms	39	
vm-guest	v3.3	app16_cpu_oversub	llcmr	dir	0.25	0250ms	34	-0.128205
vm-guest	v3.3	app16_cpu_oversub	llcmr	dir	0.5	0500ms	32	-0.179487
vm-guest	v3.3	app16_cpu_oversub	llcmr	dir	1	1000ms	29	-0.25641
vm-guest	v3.3	app16_cpu_oversub	llcmr	dir	2	2000ms	29	-0.25641
vm-guest	v3.3	app16_cpu_oversub	llcmr	dir	5	5000ms	29	-0.25641
vm-guest	v3.3	app16_cpu_oversub	cpu	abs	0.1	0100ms	100	
vm-guest	v3.3	app16_cpu_oversub	cpu	abs	0.25	0250ms	100	0
vm-guest	v3.3	app16_cpu_oversub	cpu	abs	0.5	0500ms	100	0
vm-guest	v3.3	app16_cpu_oversub	cpu	abs	1	1000ms	100	0
vm-guest	v3.3	app16_cpu_oversub	cpu	abs	2	2000ms	100	0
vm-guest	v3.3	app16_cpu_oversub	cpu	abs	5	5000ms	100	0
vm-guest	v3.3	app16_cpu_oversub	schedlat	dir	0.1	0100ms	100	
vm-guest	v3.3	app16_cpu_oversub	schedlat	dir	0.25	0250ms	100	0
vm-guest	v3.3	app16_cpu_oversub	schedlat	dir	0.5	0500ms	100	0
vm-guest	v3.3	app16_cpu_oversub	schedlat	dir	1	1000ms	100	0
vm-guest	v3.3	app16_cpu_oversub	schedlat	dir	2	2000ms	100	0
vm-guest	v3.3	app16_cpu_oversub	schedlat	dir	5	5000ms	100	0
vm-guest	v3.3	app16_cpu_oversub	psi_mem	desc	0.1	0100ms	0	
vm-guest	v3.3	app16_cpu_oversub	psi_mem	desc	0.25	0250ms	0	
vm-guest	v3.3	app16_cpu_oversub	psi_mem	desc	0.5	0500ms	0	
vm-guest	v3.3	app16_cpu_oversub	psi_mem	desc	1	1000ms	0	
vm-guest	v3.3	app16_cpu_oversub	psi_mem	desc	2	2000ms	0	
vm-guest	v3.3	app16_cpu_oversub	psi_mem	desc	5	5000ms	0	
vm-guest	v3.3	app16_cpu_oversub	membw_est	desc	0.1	0100ms	1724	
vm-guest	v3.3	app16_cpu_oversub	membw_est	desc	0.25	0250ms	1535	-0.109629
vm-guest	v3.3	app16_cpu_oversub	membw_est	desc	0.5	0500ms	1420	-0.176334
vm-guest	v3.3	app16_cpu_oversub	membw_est	desc	1	1000ms	1318	-0.235499
vm-guest	v3.3	app16_cpu_oversub	membw_est	desc	2	2000ms	1302	-0.24478
vm-guest	v3.3	app16_cpu_oversub	membw_est	desc	5	5000ms	1291.5	-0.25087
vm-guest	v3.3	app16_cpu_oversub	psi_io	desc	0.1	0100ms	0	
vm-guest	v3.3	app16_cpu_oversub	psi_io	desc	0.25	0250ms	0	
vm-guest	v3.3	app16_cpu_oversub	psi_io	desc	0.5	0500ms	0	
vm-guest	v3.3	app16_cpu_oversub	psi_io	desc	1	1000ms	0	
vm-guest	v3.3	app16_cpu_oversub	psi_io	desc	2	2000ms	0	
vm-guest	v3.3	app16_cpu_oversub	psi_io	desc	5	5000ms	0	
vm-guest	v3.3	app16_cpu_oversub	schedthr	desc	0.1	0100ms	0	
vm-guest	v3.3	app16_cpu_oversub	schedthr	desc	0.25	0250ms	0	
vm-guest	v3.3	app16_cpu_oversub	schedthr	desc	0.5	0500ms	0	
vm-guest	v3.3	app16_cpu_oversub	schedthr	desc	1	1000ms	0	
vm-guest	v3.3	app16_cpu_oversub	schedthr	desc	2	2000ms	0	
vm-guest	v3.3	app16_cpu_oversub	schedthr	desc	5	5000ms	0	
vm-guest	v3.3	app16_cpu_oversub	steal	desc	0.1	0100ms	0	
vm-guest	v3.3	app16_cpu_oversub	steal	desc	0.25	0250ms	0	
vm-guest	v3.3	app16_cpu_oversub	steal	desc	0.5	0500ms	0	
vm-guest	v3.3	app16_cpu_oversub	steal	desc	1	1000ms	0	
vm-guest	v3.3	app16_cpu_oversub	steal	desc	2	2000ms	0	
vm-guest	v3.3	app16_cpu_oversub	steal	desc	5	5000ms	0	
vm-guest	v3.3	app16_cpu_oversub	psp	dir	0.1	0100ms	5349	
vm-guest	v3.3	app16_cpu_oversub	psp	dir	0.25	0250ms	5350	0.000186951
vm-guest	v3.3	app16_cpu_oversub	psp	dir	0.5	0500ms	5349	0
vm-guest	v3.3	app16_cpu_oversub	psp	dir	1	1000ms	5350	0.000186951
vm-guest	v3.3	app16_cpu_oversub	psp	dir	2	2000ms	5351	0.000373902
vm-guest	v3.3	app16_cpu_oversub	psp	dir	5	5000ms	5348.5	-9.34754e-05
vm-guest	v3.3	app16_cpu_oversub	idle_preempt	dir	0.1	0100ms	0	
vm-guest	v3.3	app16_cpu_oversub	idle_preempt	dir	0.25	0250ms	0	
vm-guest	v3.3	app16_cpu_oversub	idle_preempt	dir	0.5	0500ms	0	
vm-guest	v3.3	app16_cpu_oversub	idle_preempt	dir	1	1000ms	0	
vm-guest	v3.3	app16_cpu_oversub	idle_preempt	dir	2	2000ms	0	
vm-guest	v3.3	app16_cpu_oversub	idle_preempt	dir	5	5000ms	0	
