tier	env	rep	idi_avg	idi_sum	migrations	interference_avg
T1	vm	1	17223.98	34447.96	23	17108.98
T1	vm	2	15476.11	30952.22	27	15341.11
T1	vm	3	15090.75	30181.5	25	14965.75
T1	vm	4	17649.385	35298.77	20	17549.385
T1	vm	5	15989.01	31978.02	27	15854.01
T1	vm	6	15486.095	30972.19	25	15361.095
T1	vm	7	16167.365	32334.73	26	16037.365
T1	vm	8	15561.14	31122.28	27	15426.14
T1	vm	9	15010.705	30021.41	22	14900.705
T1	vm	10	15481.095	30962.19	24	15361.095
A	vm	1	13233.64	26467.28	23	13118.64
A	vm	2	13020.43	26040.86	24	12900.43
A	vm	3	13523.665	27047.33	24	13403.665
A	vm	4	13020.43	26040.86	24	12900.43
A	vm	5	13223.64	26447.28	21	13118.64
A	vm	6	12462.11	24924.22	25	12337.11
A	vm	7	13208.64	26417.28	18	13118.64
A	vm	8	12970.34	25940.68	26	12840.34
A	vm	9	12559.285	25118.57	24	12439.285
A	vm	10	13270.73	26541.46	22	13160.73
B	vm	1	13363.205	26726.41	22	13253.205
B	vm	2	13034.83	26069.66	25	12909.83
B	vm	3	13373.85	26747.7	25	13248.85
B	vm	4	13422.37	26844.74	19	13327.37
B	vm	5	13233.5	26467.0	27	13098.5
B	vm	6	13461.355	26922.71	25	13336.355
B	vm	7	13440.29	26880.58	22	13330.29
B	vm	8	13079.6	26159.2	22	12969.6
B	vm	9	13279.365	26558.73	21	13174.365
B	vm	10	13039.275	26078.55	26	12909.275
