approach	tier	yardstick	window	mean	sd	n
CIAPA	A	Y5	final6th	6715.4142	126.7058	10
CIAPA	A	Y5	full	6715.4142	126.7058	10
CIAPA	A	Y6	final6th	6221.9810	142.4848	10
CIAPA	A	Y6	full	6221.9810	142.4848	10
CIAPA	B	Y5	final6th	6635.3779	110.4464	10
CIAPA	B	Y5	full	6635.3779	110.4464	10
CIAPA	B	Y6	final6th	6128.1726	92.0707	10
CIAPA	B	Y6	full	6128.1726	92.0707	10
CIAPA	T1	Y5	final6th	6916.2295	270.5126	10
CIAPA	T1	Y5	full	6916.2295	270.5126	10
CIAPA	T1	Y6	final6th	6396.7041	265.1653	10
CIAPA	T1	Y6	full	6396.7041	265.1653	10
EVEN	A	Y5	final6th	8482.1950	0.0000	10
EVEN	A	Y5	full	8482.1950	0.0000	10
EVEN	A	Y6	final6th	8084.5913	0.0000	10
EVEN	A	Y6	full	8084.5913	0.0000	10
EVEN	B	Y5	final6th	8482.1950	0.0000	10
EVEN	B	Y5	full	8482.1950	0.0000	10
EVEN	B	Y6	final6th	8084.5913	0.0000	10
EVEN	B	Y6	full	8084.5913	0.0000	10
EVEN	T1	Y5	final6th	8482.1950	0.0000	10
EVEN	T1	Y5	full	8482.1950	0.0000	10
EVEN	T1	Y6	final6th	8084.5913	0.0000	10
EVEN	T1	Y6	full	8084.5913	0.0000	10
IASA	A	Y5	final6th	7053.3389	357.1816	20
IASA	A	Y5	full	7053.3389	357.1816	20
IASA	A	Y6	final6th	6566.6330	388.9986	20
IASA	A	Y6	full	6566.6330	388.9986	20
IASA	B	Y5	final6th	7365.2311	399.0269	20
IASA	B	Y5	full	7365.2311	399.0269	20
IASA	B	Y6	final6th	6947.2224	382.8126	20
IASA	B	Y6	full	6947.2224	382.8126	20
IASA	T1	Y5	final6th	6965.7398	221.0655	20
IASA	T1	Y5	full	6965.7398	221.0655	20
IASA	T1	Y6	final6th	6494.7141	234.9446	20
IASA	T1	Y6	full	6494.7141	234.9446	20
