approach	tier	rep	yardstick	window	score
IASA	T1	rep1	Y5	full	7174.9702
IASA	T1	rep1	Y5	final6th	7174.9702
IASA	T1	rep1	Y6	full	6691.3253
IASA	T1	rep1	Y6	final6th	6691.3253
IASA	T1	rep10	Y5	full	6767.9074
IASA	T1	rep10	Y5	final6th	6767.9074
IASA	T1	rep10	Y6	full	6252.4204
IASA	T1	rep10	Y6	final6th	6252.4204
IASA	T1	rep11	Y5	full	6824.8825
IASA	T1	rep11	Y5	final6th	6824.8825
IASA	T1	rep11	Y6	full	6342.3262
IASA	T1	rep11	Y6	final6th	6342.3262
IASA	T1	rep12	Y5	full	6922.3252
IASA	T1	rep12	Y5	final6th	6922.3252
IASA	T1	rep12	Y6	full	6430.4857
IASA	T1	rep12	Y6	final6th	6430.4857
IASA	T1	rep13	Y5	full	7116.8788
IASA	T1	rep13	Y5	final6th	7116.8788
IASA	T1	rep13	Y6	full	6682.0726
IASA	T1	rep13	Y6	final6th	6682.0726
IASA	T1	rep14	Y5	full	7374.0550
IASA	T1	rep14	Y5	final6th	7374.0550
IASA	T1	rep14	Y6	full	6976.4513
IASA	T1	rep14	Y6	final6th	6976.4513
IASA	T1	rep15	Y5	full	6933.9048
IASA	T1	rep15	Y5	final6th	6933.9048
IASA	T1	rep15	Y6	full	6408.6765
IASA	T1	rep15	Y6	final6th	6408.6765
IASA	T1	rep16	Y5	full	6967.4455
IASA	T1	rep16	Y5	final6th	6967.4455
IASA	T1	rep16	Y6	full	6612.4029
IASA	T1	rep16	Y6	final6th	6612.4029
IASA	T1	rep17	Y5	full	7089.1933
IASA	T1	rep17	Y5	final6th	7089.1933
IASA	T1	rep17	Y6	full	6691.5896
IASA	T1	rep17	Y6	final6th	6691.5896
IASA	T1	rep18	Y5	full	6564.0051
IASA	T1	rep18	Y5	final6th	6564.0051
IASA	T1	rep18	Y6	full	6101.1011
IASA	T1	rep18	Y6	final6th	6101.1011
IASA	T1	rep19	Y5	full	6852.3210
IASA	T1	rep19	Y5	final6th	6852.3210
IASA	T1	rep19	Y6	full	6233.0536
IASA	T1	rep19	Y6	final6th	6233.0536
IASA	T1	rep2	Y5	full	7216.0781
IASA	T1	rep2	Y5	final6th	7216.0781
IASA	T1	rep2	Y6	full	6599.8791
IASA	T1	rep2	Y6	final6th	6599.8791
IASA	T1	rep20	Y5	full	6909.3618
IASA	T1	rep20	Y5	final6th	6909.3618
IASA	T1	rep20	Y6	full	6369.4268
IASA	T1	rep20	Y6	final6th	6369.4268
IASA	T1	rep3	Y5	full	6833.0551
IASA	T1	rep3	Y5	final6th	6833.0551
IASA	T1	rep3	Y6	full	6461.1461
IASA	T1	rep3	Y6	final6th	6461.1461
IASA	T1	rep4	Y5	full	6881.5315
IASA	T1	rep4	Y5	final6th	6881.5315
IASA	T1	rep4	Y6	full	6526.4889
IASA	T1	rep4	Y6	final6th	6526.4889
IASA	T1	rep5	Y5	full	7063.1762
IASA	T1	rep5	Y5	final6th	7063.1762
IASA	T1	rep5	Y6	full	6538.9460
IASA	T1	rep5	Y6	final6th	6538.9460
IASA	T1	rep6	Y5	full	7303.5167
IASA	T1	rep6	Y5	final6th	7303.5167
IASA	T1	rep6	Y6	full	6725.7054
IASA	T1	rep6	Y6	final6th	6725.7054
IASA	T1	rep7	Y5	full	7188.2255
IASA	T1	rep7	Y5	final6th	7188.2255
IASA	T1	rep7	Y6	full	6833.1830
IASA	T1	rep7	Y6	final6th	6833.1830
IASA	T1	rep8	Y5	full	6650.6381
IASA	T1	rep8	Y5	final6th	6650.6381
IASA	T1	rep8	Y6	full	6133.8816
IASA	T1	rep8	Y6	final6th	6133.8816
IASA	T1	rep9	Y5	full	6681.3236
IASA	T1	rep9	Y5	final6th	6681.3236
IASA	T1	rep9	Y6	full	6283.7199
IASA	T1	rep9	Y6	final6th	6283.7199
IASA	A	rep1	Y5	full	6855.0223
IASA	A	rep1	Y5	final6th	6855.0223
IASA	A	rep1	Y6	full	6285.4428
IASA	A	rep1	Y6	final6th	6285.4428
IASA	A	rep10	Y5	full	7049.5440
IASA	A	rep10	Y5	final6th	7049.5440
IASA	A	rep10	Y6	full	6499.3646
IASA	A	rep10	Y6	final6th	6499.3646
IASA	A	rep11	Y5	full	6631.5479
IASA	A	rep11	Y5	final6th	6631.5479
IASA	A	rep11	Y6	full	6211.3731
IASA	A	rep11	Y6	final6th	6211.3731
IASA	A	rep12	Y5	full	7082.1131
IASA	A	rep12	Y5	final6th	7082.1131
IASA	A	rep12	Y6	full	6478.5067
IASA	A	rep12	Y6	final6th	6478.5067
IASA	A	rep13	Y5	full	6994.1982
IASA	A	rep13	Y5	final6th	6994.1982
IASA	A	rep13	Y6	full	6476.4264
IASA	A	rep13	Y6	final6th	6476.4264
IASA	A	rep14	Y5	full	6797.6556
IASA	A	rep14	Y5	final6th	6797.6556
IASA	A	rep14	Y6	full	6431.9600
IASA	A	rep14	Y6	final6th	6431.9600
IASA	A	rep15	Y5	full	7702.8870
IASA	A	rep15	Y5	final6th	7702.8870
IASA	A	rep15	Y6	full	7220.3306
IASA	A	rep15	Y6	final6th	7220.3306
IASA	A	rep16	Y5	full	6912.4413
IASA	A	rep16	Y5	final6th	6912.4413
IASA	A	rep16	Y6	full	6433.5036
IASA	A	rep16	Y6	final6th	6433.5036
IASA	A	rep17	Y5	full	7540.9274
IASA	A	rep17	Y5	final6th	7540.9274
IASA	A	rep17	Y6	full	7124.3906
IASA	A	rep17	Y6	final6th	7124.3906
IASA	A	rep18	Y5	full	7128.3438
IASA	A	rep18	Y5	final6th	7128.3438
IASA	A	rep18	Y6	full	6650.8481
IASA	A	rep18	Y6	final6th	6650.8481
IASA	A	rep19	Y5	full	6643.5653
IASA	A	rep19	Y5	final6th	6643.5653
IASA	A	rep19	Y6	full	6147.7258
IASA	A	rep19	Y6	final6th	6147.7258
IASA	A	rep2	Y5	full	7133.9175
IASA	A	rep2	Y5	final6th	7133.9175
IASA	A	rep2	Y6	full	6582.2331
IASA	A	rep2	Y6	final6th	6582.2331
IASA	A	rep20	Y5	full	6975.7350
IASA	A	rep20	Y5	final6th	6975.7350
IASA	A	rep20	Y6	full	6350.4876
IASA	A	rep20	Y6	final6th	6350.4876
IASA	A	rep3	Y5	full	6640.6739
IASA	A	rep3	Y5	final6th	6640.6739
IASA	A	rep3	Y6	full	6085.5289
IASA	A	rep3	Y6	final6th	6085.5289
IASA	A	rep4	Y5	full	6907.2124
IASA	A	rep4	Y5	final6th	6907.2124
IASA	A	rep4	Y6	full	6445.5305
IASA	A	rep4	Y6	final6th	6445.5305
IASA	A	rep5	Y5	full	6814.4968
IASA	A	rep5	Y5	final6th	6814.4968
IASA	A	rep5	Y6	full	6300.2348
IASA	A	rep5	Y6	final6th	6300.2348
IASA	A	rep6	Y5	full	7636.2890
IASA	A	rep6	Y5	final6th	7636.2890
IASA	A	rep6	Y6	full	7263.7109
IASA	A	rep6	Y6	final6th	7263.7109
IASA	A	rep7	Y5	full	7689.0845
IASA	A	rep7	Y5	final6th	7689.0845
IASA	A	rep7	Y6	full	7286.0855
IASA	A	rep7	Y6	final6th	7286.0855
IASA	A	rep8	Y5	full	7328.4502
IASA	A	rep8	Y5	final6th	7328.4502
IASA	A	rep8	Y6	full	6930.8465
IASA	A	rep8	Y6	final6th	6930.8465
IASA	A	rep9	Y5	full	6602.6723
IASA	A	rep9	Y5	final6th	6602.6723
IASA	A	rep9	Y6	full	6128.1307
IASA	A	rep9	Y6	final6th	6128.1307
IASA	B	rep1	Y5	full	7800.1457
IASA	B	rep1	Y5	final6th	7800.1457
IASA	B	rep1	Y6	full	7497.8993
IASA	B	rep1	Y6	final6th	7497.8993
IASA	B	rep10	Y5	full	7105.1185
IASA	B	rep10	Y5	final6th	7105.1185
IASA	B	rep10	Y6	full	6745.4872
IASA	B	rep10	Y6	final6th	6745.4872
IASA	B	rep11	Y5	full	7386.5388
IASA	B	rep11	Y5	final6th	7386.5388
IASA	B	rep11	Y6	full	6960.8161
IASA	B	rep11	Y6	final6th	6960.8161
IASA	B	rep12	Y5	full	7006.8982
IASA	B	rep12	Y5	final6th	7006.8982
IASA	B	rep12	Y6	full	6588.2873
IASA	B	rep12	Y6	final6th	6588.2873
IASA	B	rep13	Y5	full	7944.6847
IASA	B	rep13	Y5	final6th	7944.6847
IASA	B	rep13	Y6	full	7441.6107
IASA	B	rep13	Y6	final6th	7441.6107
IASA	B	rep14	Y5	full	7695.8465
IASA	B	rep14	Y5	final6th	7695.8465
IASA	B	rep14	Y6	full	7359.2315
IASA	B	rep14	Y6	final6th	7359.2315
IASA	B	rep15	Y5	full	6964.1802
IASA	B	rep15	Y5	final6th	6964.1802
IASA	B	rep15	Y6	full	6627.5653
IASA	B	rep15	Y6	final6th	6627.5653
IASA	B	rep16	Y5	full	6835.2721
IASA	B	rep16	Y5	final6th	6835.2721
IASA	B	rep16	Y6	full	6452.9701
IASA	B	rep16	Y6	final6th	6452.9701
IASA	B	rep17	Y5	full	7670.8067
IASA	B	rep17	Y5	final6th	7670.8067
IASA	B	rep17	Y6	full	7249.3623
IASA	B	rep17	Y6	final6th	7249.3623
IASA	B	rep18	Y5	full	7692.8428
IASA	B	rep18	Y5	final6th	7692.8428
IASA	B	rep18	Y6	full	7331.7729
IASA	B	rep18	Y6	final6th	7331.7729
IASA	B	rep19	Y5	full	7312.6542
IASA	B	rep19	Y5	final6th	7312.6542
IASA	B	rep19	Y6	full	6947.6702
IASA	B	rep19	Y6	final6th	6947.6702
IASA	B	rep2	Y5	full	7912.4278
IASA	B	rep2	Y5	final6th	7912.4278
IASA	B	rep2	Y6	full	7368.0658
IASA	B	rep2	Y6	final6th	7368.0658
IASA	B	rep20	Y5	full	7261.9886
IASA	B	rep20	Y5	final6th	7261.9886
IASA	B	rep20	Y6	full	6922.9649
IASA	B	rep20	Y6	final6th	6922.9649
IASA	B	rep3	Y5	full	7372.7787
IASA	B	rep3	Y5	final6th	7372.7787
IASA	B	rep3	Y6	full	6895.1346
IASA	B	rep3	Y6	final6th	6895.1346
IASA	B	rep4	Y5	full	7083.2102
IASA	B	rep4	Y5	final6th	7083.2102
IASA	B	rep4	Y6	full	6545.7279
IASA	B	rep4	Y6	final6th	6545.7279
IASA	B	rep5	Y5	full	6682.5308
IASA	B	rep5	Y5	final6th	6682.5308
IASA	B	rep5	Y6	full	6241.6897
IASA	B	rep5	Y6	final6th	6241.6897
IASA	B	rep6	Y5	full	7324.1561
IASA	B	rep6	Y5	final6th	7324.1561
IASA	B	rep6	Y6	full	7007.7028
IASA	B	rep6	Y6	final6th	7007.7028
IASA	B	rep7	Y5	full	8060.9658
IASA	B	rep7	Y5	final6th	8060.9658
IASA	B	rep7	Y6	full	7469.2440
IASA	B	rep7	Y6	final6th	7469.2440
IASA	B	rep8	Y5	full	7272.7478
IASA	B	rep8	Y5	final6th	7272.7478
IASA	B	rep8	Y6	full	6729.6571
IASA	B	rep8	Y6	final6th	6729.6571
IASA	B	rep9	Y5	full	6918.8273
IASA	B	rep9	Y5	final6th	6918.8273
IASA	B	rep9	Y6	full	6561.5879
IASA	B	rep9	Y6	final6th	6561.5879
EVEN	T1	rep1	Y5	full	8482.1950
EVEN	T1	rep1	Y5	final6th	8482.1950
EVEN	T1	rep1	Y6	full	8084.5913
EVEN	T1	rep1	Y6	final6th	8084.5913
EVEN	T1	rep10	Y5	full	8482.1950
EVEN	T1	rep10	Y5	final6th	8482.1950
EVEN	T1	rep10	Y6	full	8084.5913
EVEN	T1	rep10	Y6	final6th	8084.5913
EVEN	T1	rep2	Y5	full	8482.1950
EVEN	T1	rep2	Y5	final6th	8482.1950
EVEN	T1	rep2	Y6	full	8084.5913
EVEN	T1	rep2	Y6	final6th	8084.5913
EVEN	T1	rep3	Y5	full	8482.1950
EVEN	T1	rep3	Y5	final6th	8482.1950
EVEN	T1	rep3	Y6	full	8084.5913
EVEN	T1	rep3	Y6	final6th	8084.5913
EVEN	T1	rep4	Y5	full	8482.1950
EVEN	T1	rep4	Y5	final6th	8482.1950
EVEN	T1	rep4	Y6	full	8084.5913
EVEN	T1	rep4	Y6	final6th	8084.5913
EVEN	T1	rep5	Y5	full	8482.1950
EVEN	T1	rep5	Y5	final6th	8482.1950
EVEN	T1	rep5	Y6	full	8084.5913
EVEN	T1	rep5	Y6	final6th	8084.5913
EVEN	T1	rep6	Y5	full	8482.1950
EVEN	T1	rep6	Y5	final6th	8482.1950
EVEN	T1	rep6	Y6	full	8084.5913
EVEN	T1	rep6	Y6	final6th	8084.5913
EVEN	T1	rep7	Y5	full	8482.1950
EVEN	T1	rep7	Y5	final6th	8482.1950
EVEN	T1	rep7	Y6	full	8084.5913
EVEN	T1	rep7	Y6	final6th	8084.5913
EVEN	T1	rep8	Y5	full	8482.1950
EVEN	T1	rep8	Y5	final6th	8482.1950
EVEN	T1	rep8	Y6	full	8084.5913
EVEN	T1	rep8	Y6	final6th	8084.5913
EVEN	T1	rep9	Y5	full	8482.1950
EVEN	T1	rep9	Y5	final6th	8482.1950
EVEN	T1	rep9	Y6	full	8084.5913
EVEN	T1	rep9	Y6	final6th	8084.5913
EVEN	A	rep1	Y5	full	8482.1950
EVEN	A	rep1	Y5	final6th	8482.1950
EVEN	A	rep1	Y6	full	8084.5913
EVEN	A	rep1	Y6	final6th	8084.5913
EVEN	A	rep10	Y5	full	8482.1950
EVEN	A	rep10	Y5	final6th	8482.1950
EVEN	A	rep10	Y6	full	8084.5913
EVEN	A	rep10	Y6	final6th	8084.5913
EVEN	A	rep2	Y5	full	8482.1950
EVEN	A	rep2	Y5	final6th	8482.1950
EVEN	A	rep2	Y6	full	8084.5913
EVEN	A	rep2	Y6	final6th	8084.5913
EVEN	A	rep3	Y5	full	8482.1950
EVEN	A	rep3	Y5	final6th	8482.1950
EVEN	A	rep3	Y6	full	8084.5913
EVEN	A	rep3	Y6	final6th	8084.5913
EVEN	A	rep4	Y5	full	8482.1950
EVEN	A	rep4	Y5	final6th	8482.1950
EVEN	A	rep4	Y6	full	8084.5913
EVEN	A	rep4	Y6	final6th	8084.5913
EVEN	A	rep5	Y5	full	8482.1950
EVEN	A	rep5	Y5	final6th	8482.1950
EVEN	A	rep5	Y6	full	8084.5913
EVEN	A	rep5	Y6	final6th	8084.5913
EVEN	A	rep6	Y5	full	8482.1950
EVEN	A	rep6	Y5	final6th	8482.1950
EVEN	A	rep6	Y6	full	8084.5913
EVEN	A	rep6	Y6	final6th	8084.5913
EVEN	A	rep7	Y5	full	8482.1950
EVEN	A	rep7	Y5	final6th	8482.1950
EVEN	A	rep7	Y6	full	8084.5913
EVEN	A	rep7	Y6	final6th	8084.5913
EVEN	A	rep8	Y5	full	8482.1950
EVEN	A	rep8	Y5	final6th	8482.1950
EVEN	A	rep8	Y6	full	8084.5913
EVEN	A	rep8	Y6	final6th	8084.5913
EVEN	A	rep9	Y5	full	8482.1950
EVEN	A	rep9	Y5	final6th	8482.1950
EVEN	A	rep9	Y6	full	8084.5913
EVEN	A	rep9	Y6	final6th	8084.5913
EVEN	B	rep1	Y5	full	8482.1950
EVEN	B	rep1	Y5	final6th	8482.1950
EVEN	B	rep1	Y6	full	8084.5913
EVEN	B	rep1	Y6	final6th	8084.5913
EVEN	B	rep10	Y5	full	8482.1950
EVEN	B	rep10	Y5	final6th	8482.1950
EVEN	B	rep10	Y6	full	8084.5913
EVEN	B	rep10	Y6	final6th	8084.5913
EVEN	B	rep2	Y5	full	8482.1950
EVEN	B	rep2	Y5	final6th	8482.1950
EVEN	B	rep2	Y6	full	8084.5913
EVEN	B	rep2	Y6	final6th	8084.5913
EVEN	B	rep3	Y5	full	8482.1950
EVEN	B	rep3	Y5	final6th	8482.1950
EVEN	B	rep3	Y6	full	8084.5913
EVEN	B	rep3	Y6	final6th	8084.5913
EVEN	B	rep4	Y5	full	8482.1950
EVEN	B	rep4	Y5	final6th	8482.1950
EVEN	B	rep4	Y6	full	8084.5913
EVEN	B	rep4	Y6	final6th	8084.5913
EVEN	B	rep5	Y5	full	8482.1950
EVEN	B	rep5	Y5	final6th	8482.1950
EVEN	B	rep5	Y6	full	8084.5913
EVEN	B	rep5	Y6	final6th	8084.5913
EVEN	B	rep6	Y5	full	8482.1950
EVEN	B	rep6	Y5	final6th	8482.1950
EVEN	B	rep6	Y6	full	8084.5913
EVEN	B	rep6	Y6	final6th	8084.5913
EVEN	B	rep7	Y5	full	8482.1950
EVEN	B	rep7	Y5	final6th	8482.1950
EVEN	B	rep7	Y6	full	8084.5913
EVEN	B	rep7	Y6	final6th	8084.5913
EVEN	B	rep8	Y5	full	8482.1950
EVEN	B	rep8	Y5	final6th	8482.1950
EVEN	B	rep8	Y6	full	8084.5913
EVEN	B	rep8	Y6	final6th	8084.5913
EVEN	B	rep9	Y5	full	8482.1950
EVEN	B	rep9	Y5	final6th	8482.1950
EVEN	B	rep9	Y6	full	8084.5913
EVEN	B	rep9	Y6	final6th	8084.5913
CIAPA	T1	rep1	Y5	full	6748.6118
CIAPA	T1	rep1	Y5	final6th	6748.6118
CIAPA	T1	rep1	Y6	full	6238.6867
CIAPA	T1	rep1	Y6	final6th	6238.6867
CIAPA	T1	rep10	Y5	full	6894.4348
CIAPA	T1	rep10	Y5	final6th	6894.4348
CIAPA	T1	rep10	Y6	full	6478.4622
CIAPA	T1	rep10	Y6	final6th	6478.4622
CIAPA	T1	rep2	Y5	full	6665.9806
CIAPA	T1	rep2	Y5	final6th	6665.9806
CIAPA	T1	rep2	Y6	full	6259.3203
CIAPA	T1	rep2	Y6	final6th	6259.3203
CIAPA	T1	rep3	Y5	full	7003.0193
CIAPA	T1	rep3	Y5	final6th	7003.0193
CIAPA	T1	rep3	Y6	full	6331.3982
CIAPA	T1	rep3	Y6	final6th	6331.3982
CIAPA	T1	rep4	Y5	full	6680.4057
CIAPA	T1	rep4	Y5	final6th	6680.4057
CIAPA	T1	rep4	Y6	full	6312.9041
CIAPA	T1	rep4	Y6	final6th	6312.9041
CIAPA	T1	rep5	Y5	full	7458.8526
CIAPA	T1	rep5	Y5	final6th	7458.8526
CIAPA	T1	rep5	Y6	full	6966.4894
CIAPA	T1	rep5	Y6	final6th	6966.4894
CIAPA	T1	rep6	Y5	full	7009.1904
CIAPA	T1	rep6	Y5	final6th	7009.1904
CIAPA	T1	rep6	Y6	full	6338.4535
CIAPA	T1	rep6	Y6	final6th	6338.4535
CIAPA	T1	rep7	Y5	full	6795.9152
CIAPA	T1	rep7	Y5	final6th	6795.9152
CIAPA	T1	rep7	Y6	full	6227.0765
CIAPA	T1	rep7	Y6	final6th	6227.0765
CIAPA	T1	rep8	Y5	full	7256.2578
CIAPA	T1	rep8	Y5	final6th	7256.2578
CIAPA	T1	rep8	Y6	full	6734.2022
CIAPA	T1	rep8	Y6	final6th	6734.2022
CIAPA	T1	rep9	Y5	full	6649.6270
CIAPA	T1	rep9	Y5	final6th	6649.6270
CIAPA	T1	rep9	Y6	full	6080.0475
CIAPA	T1	rep9	Y6	final6th	6080.0475
CIAPA	A	rep1	Y5	full	6771.5678
CIAPA	A	rep1	Y5	final6th	6771.5678
CIAPA	A	rep1	Y6	full	6351.5184
CIAPA	A	rep1	Y6	final6th	6351.5184
CIAPA	A	rep10	Y5	full	6880.3943
CIAPA	A	rep10	Y5	final6th	6880.3943
CIAPA	A	rep10	Y6	full	6347.2521
CIAPA	A	rep10	Y6	final6th	6347.2521
CIAPA	A	rep2	Y5	full	6527.2464
CIAPA	A	rep2	Y5	final6th	6527.2464
CIAPA	A	rep2	Y6	full	6028.3759
CIAPA	A	rep2	Y6	final6th	6028.3759
CIAPA	A	rep3	Y5	full	6893.7328
CIAPA	A	rep3	Y5	final6th	6893.7328
CIAPA	A	rep3	Y6	full	6378.4931
CIAPA	A	rep3	Y6	final6th	6378.4931
CIAPA	A	rep4	Y5	full	6551.7960
CIAPA	A	rep4	Y5	final6th	6551.7960
CIAPA	A	rep4	Y6	full	6027.9452
CIAPA	A	rep4	Y6	final6th	6027.9452
CIAPA	A	rep5	Y5	full	6762.2822
CIAPA	A	rep5	Y5	final6th	6762.2822
CIAPA	A	rep5	Y6	full	6287.6821
CIAPA	A	rep5	Y6	final6th	6287.6821
CIAPA	A	rep6	Y5	full	6724.6177
CIAPA	A	rep6	Y5	final6th	6724.6177
CIAPA	A	rep6	Y6	full	6156.5355
CIAPA	A	rep6	Y6	final6th	6156.5355
CIAPA	A	rep7	Y5	full	6629.3952
CIAPA	A	rep7	Y5	final6th	6629.3952
CIAPA	A	rep7	Y6	full	6094.7556
CIAPA	A	rep7	Y6	final6th	6094.7556
CIAPA	A	rep8	Y5	full	6778.3338
CIAPA	A	rep8	Y5	final6th	6778.3338
CIAPA	A	rep8	Y6	full	6374.8565
CIAPA	A	rep8	Y6	final6th	6374.8565
CIAPA	A	rep9	Y5	full	6634.7761
CIAPA	A	rep9	Y5	final6th	6634.7761
CIAPA	A	rep9	Y6	full	6172.3961
CIAPA	A	rep9	Y6	final6th	6172.3961
CIAPA	B	rep1	Y5	full	6732.5332
CIAPA	B	rep1	Y5	final6th	6732.5332
CIAPA	B	rep1	Y6	full	6218.7948
CIAPA	B	rep1	Y6	final6th	6218.7948
CIAPA	B	rep10	Y5	full	6469.7164
CIAPA	B	rep10	Y5	final6th	6469.7164
CIAPA	B	rep10	Y6	full	5983.6099
CIAPA	B	rep10	Y6	final6th	5983.6099
CIAPA	B	rep2	Y5	full	6469.7164
CIAPA	B	rep2	Y5	final6th	6469.7164
CIAPA	B	rep2	Y6	full	6009.5592
CIAPA	B	rep2	Y6	final6th	6009.5592
CIAPA	B	rep3	Y5	full	6775.5775
CIAPA	B	rep3	Y5	final6th	6775.5775
CIAPA	B	rep3	Y6	full	6223.4515
CIAPA	B	rep3	Y6	final6th	6223.4515
CIAPA	B	rep4	Y5	full	6738.0953
CIAPA	B	rep4	Y5	final6th	6738.0953
CIAPA	B	rep4	Y6	full	6211.9185
CIAPA	B	rep4	Y6	final6th	6211.9185
CIAPA	B	rep5	Y5	full	6642.4729
CIAPA	B	rep5	Y5	final6th	6642.4729
CIAPA	B	rep5	Y6	full	6116.2961
CIAPA	B	rep5	Y6	final6th	6116.2961
CIAPA	B	rep6	Y5	full	6538.3587
CIAPA	B	rep6	Y5	final6th	6538.3587
CIAPA	B	rep6	Y6	full	6024.6204
CIAPA	B	rep6	Y6	final6th	6024.6204
CIAPA	B	rep7	Y5	full	6711.1152
CIAPA	B	rep7	Y5	final6th	6711.1152
CIAPA	B	rep7	Y6	full	6184.9384
CIAPA	B	rep7	Y6	final6th	6184.9384
CIAPA	B	rep8	Y5	full	6642.4729
CIAPA	B	rep8	Y5	final6th	6642.4729
CIAPA	B	rep8	Y6	full	6182.3156
CIAPA	B	rep8	Y6	final6th	6182.3156
CIAPA	B	rep9	Y5	full	6633.7203
CIAPA	B	rep9	Y5	final6th	6633.7203
CIAPA	B	rep9	Y6	full	6126.2220
CIAPA	B	rep9	Y6	final6th	6126.2220
