tier	rep	first_interval_actual	last_interval_actual
T1	rep1	8018.0800	5101.5200
T1	rep10	8018.0800	5471.6000
T1	rep2	8018.0800	4743.0200
T1	rep3	8018.0800	4766.8600
T1	rep4	8018.0800	5016.2400
T1	rep5	8018.0800	4671.8800
T1	rep6	8018.0800	5068.6300
T1	rep7	8018.0800	4559.0900
T1	rep8	8018.0800	5264.6500
T1	rep9	8018.0800	4904.9300
A	rep1	3206.4600	3534.8100
A	rep10	3206.4600	3211.6200
A	rep2	3206.4600	3821.0700
A	rep3	3206.4600	3210.6600
A	rep4	3206.4600	3176.6500
A	rep5	3206.4600	3591.6300
A	rep6	3206.4600	3492.3900
A	rep7	3206.4600	3178.9000
A	rep8	3206.4600	3450.0800
A	rep9	3206.4600	3116.0300
B	rep1	5824.5600	3455.1200
B	rep10	5824.5600	3406.0900
B	rep2	5824.5600	3426.4400
B	rep3	5824.5600	3411.4300
B	rep4	5824.5600	3436.9000
B	rep5	5824.5600	3413.3600
B	rep6	5824.5600	3413.9100
B	rep7	5824.5600	3405.5700
B	rep8	5824.5600	3503.5600
B	rep9	5824.5600	3788.8300
