tier	rep	interval	cost
T1	rep1	1	8018.0800
T1	rep1	2	6605.7000
T1	rep1	3	7615.2400
T1	rep1	4	6568.9200
T1	rep1	5	5847.5800
T1	rep1	6	5101.5200
T1	rep10	1	8018.0800
T1	rep10	2	7567.5800
T1	rep10	3	6894.3200
T1	rep10	4	6375.4000
T1	rep10	5	5821.8600
T1	rep10	6	5471.6000
T1	rep2	1	8018.0800
T1	rep2	2	6605.7000
T1	rep2	3	7615.2400
T1	rep2	4	6044.1800
T1	rep2	5	5339.6100
T1	rep2	6	4743.0200
T1	rep3	1	8018.0800
T1	rep3	2	7567.5800
T1	rep3	3	7615.2400
T1	rep3	4	6568.9200
T1	rep3	5	5847.5800
T1	rep3	6	4766.8600
T1	rep4	1	8018.0800
T1	rep4	2	7426.0200
T1	rep4	3	6876.0100
T1	rep4	4	6473.6600
T1	rep4	5	5745.4200
T1	rep4	6	5016.2400
T1	rep5	1	8018.0800
T1	rep5	2	6155.2000
T1	rep5	3	7476.2800
T1	rep5	4	5835.7400
T1	rep5	5	5394.0700
T1	rep5	6	4671.8800
T1	rep6	1	8018.0800
T1	rep6	2	8009.3600
T1	rep6	3	8113.9700
T1	rep6	4	6449.1000
T1	rep6	5	5708.8300
T1	rep6	6	5068.6300
T1	rep7	1	8018.0800
T1	rep7	2	6605.7000
T1	rep7	3	7615.2400
T1	rep7	4	6044.1800
T1	rep7	5	5339.6100
T1	rep7	6	4559.0900
T1	rep8	1	8018.0800
T1	rep8	2	6838.4400
T1	rep8	3	6876.0100
T1	rep8	4	6406.8000
T1	rep8	5	6007.6300
T1	rep8	6	5264.6500
T1	rep9	1	8018.0800
T1	rep9	2	6605.7000
T1	rep9	3	6894.3200
T1	rep9	4	6996.0700
T1	rep9	5	5565.7400
T1	rep9	6	4904.9300
A	rep1	1	3206.4600
A	rep1	2	3798.4900
A	rep1	3	4015.0200
A	rep1	4	3215.8900
A	rep1	5	4045.3800
A	rep1	6	3534.8100
A	rep10	1	3206.4600
A	rep10	2	3798.4900
A	rep10	3	3339.5400
A	rep10	4	3611.0800
A	rep10	5	3431.0300
A	rep10	6	3211.6200
A	rep2	1	3206.4600
A	rep2	2	3784.1100
A	rep2	3	5042.2300
A	rep2	4	3630.5000
A	rep2	5	4206.8500
A	rep2	6	3821.0700
A	rep3	1	3206.4600
A	rep3	2	3804.9900
A	rep3	3	4515.6900
A	rep3	4	2818.1300
A	rep3	5	3395.4200
A	rep3	6	3210.6600
A	rep4	1	3206.4600
A	rep4	2	3798.4900
A	rep4	3	3986.9300
A	rep4	4	2959.3500
A	rep4	5	3317.8600
A	rep4	6	3176.6500
A	rep5	1	3206.4600
A	rep5	2	3784.1100
A	rep5	3	6231.0200
A	rep5	4	3635.5400
A	rep5	5	3667.1800
A	rep5	6	3591.6300
A	rep6	1	3206.4600
A	rep6	2	3798.4900
A	rep6	3	4516.2500
A	rep6	4	3220.1600
A	rep6	5	3735.9800
A	rep6	6	3492.3900
A	rep7	1	3206.4600
A	rep7	2	3774.6300
A	rep7	3	3871.3400
A	rep7	4	2934.9300
A	rep7	5	3448.3500
A	rep7	6	3178.9000
A	rep8	1	3206.4600
A	rep8	2	3782.5600
A	rep8	3	6220.1300
A	rep8	4	3256.7700
A	rep8	5	3933.2000
A	rep8	6	3450.0800
A	rep9	1	3206.4600
A	rep9	2	3240.7200
A	rep9	3	4515.6900
A	rep9	4	2965.2900
A	rep9	5	3397.1600
A	rep9	6	3116.0300
B	rep1	1	5824.5600
B	rep1	2	4293.0600
B	rep1	3	3916.9600
B	rep1	4	3773.8500
B	rep1	5	3674.1600
B	rep1	6	3455.1200
B	rep10	1	5824.5600
B	rep10	2	4293.0600
B	rep10	3	3849.4900
B	rep10	4	3706.1900
B	rep10	5	3609.4100
B	rep10	6	3406.0900
B	rep2	1	5824.5600
B	rep2	2	5017.9000
B	rep2	3	4403.9300
B	rep2	4	4056.3400
B	rep2	5	3642.8200
B	rep2	6	3426.4400
B	rep3	1	5824.5600
B	rep3	2	5046.8200
B	rep3	3	4248.2400
B	rep3	4	3718.8700
B	rep3	5	3636.3500
B	rep3	6	3411.4300
B	rep4	1	5824.5600
B	rep4	2	5074.5600
B	rep4	3	4208.9100
B	rep4	4	4026.9100
B	rep4	5	3753.3600
B	rep4	6	3436.9000
B	rep5	1	5824.5600
B	rep5	2	4620.3200
B	rep5	3	4715.7500
B	rep5	4	3727.7600
B	rep5	5	3627.1100
B	rep5	6	3413.3600
B	rep6	1	5824.5600
B	rep6	2	5074.5600
B	rep6	3	4208.9100
B	rep6	4	3727.7600
B	rep6	5	3693.0400
B	rep6	6	3413.9100
B	rep7	1	5824.5600
B	rep7	2	4293.0600
B	rep7	3	3849.4900
B	rep7	4	3621.8800
B	rep7	5	3610.3300
B	rep7	6	3405.5700
B	rep8	1	5824.5600
B	rep8	2	4293.0600
B	rep8	3	4397.7200
B	rep8	4	4167.7900
B	rep8	5	3743.0100
B	rep8	6	3503.5600
B	rep9	1	5824.5600
B	rep9	2	5254.2200
B	rep9	3	5227.1100
B	rep9	4	4170.6600
B	rep9	5	4128.5200
B	rep9	6	3788.8300
