tier	rep	cloudlet_id	workload	true_class	pred_class	level	correct
T1	1	1	app01_ml_llc	cache	cpu	hig	0
T1	1	2	app01_ml_llc	cache	cpu	hig	0
T1	1	3	app01_ml_llc	cache	cpu	hig	0
T1	1	4	app01_ml_llc	cache	cpu	hig	0
T1	1	5	app05_streaming	mem	cpu	hig	0
T1	1	6	app05_streaming	mem	cpu	hig	0
T1	1	7	app05_streaming	mem	cpu	hig	0
T1	1	8	app05_streaming	mem	cpu	hig	0
T1	1	9	app10_search	cpu	cpu	hig	1
T1	1	10	app10_search	cpu	cpu	hig	1
T1	1	11	app10_search	cpu	cpu	hig	1
T1	1	12	app10_search	cpu	cpu	hig	1
T1	1	13	app11_sort_net	net	mem	hig	0
T1	1	14	app11_sort_net	net	mem	hig	0
T1	1	15	app11_sort_net	net	mem	hig	0
T1	1	16	app11_sort_net	net	mem	hig	0
T1	1	17	app13_query_scan	disk	mem	low	0
T1	1	18	app13_query_scan	disk	mem	low	0
T1	1	19	app13_query_scan	disk	mem	low	0
T1	1	20	app13_query_scan	disk	mem	low	0
T1	1	21	app16_cpu_oversub	cpu	cpu	hig	1
T1	1	22	app16_cpu_oversub	cpu	cpu	hig	1
T1	1	23	app16_cpu_oversub	cpu	cpu	hig	1
T1	1	24	app16_cpu_oversub	cpu	cpu	hig	1
T1	1	25	app17_mem_pressure	mem	cpu	hig	0
T1	1	26	app17_mem_pressure	mem	cpu	hig	0
T1	1	27	app17_mem_pressure	mem	cpu	hig	0
T1	1	28	app17_mem_pressure	mem	cpu	hig	0
T1	2	1	app01_ml_llc	cache	cpu	hig	0
T1	2	2	app01_ml_llc	cache	cpu	hig	0
T1	2	3	app01_ml_llc	cache	cpu	hig	0
T1	2	4	app01_ml_llc	cache	cpu	hig	0
T1	2	5	app05_streaming	mem	cpu	hig	0
T1	2	6	app05_streaming	mem	cpu	hig	0
T1	2	7	app05_streaming	mem	cpu	hig	0
T1	2	8	app05_streaming	mem	cpu	hig	0
T1	2	9	app10_search	cpu	cpu	hig	1
T1	2	10	app10_search	cpu	cpu	hig	1
T1	2	11	app10_search	cpu	cpu	hig	1
T1	2	12	app10_search	cpu	cpu	hig	1
T1	2	13	app11_sort_net	net	mem	hig	0
T1	2	14	app11_sort_net	net	mem	hig	0
T1	2	15	app11_sort_net	net	mem	hig	0
T1	2	16	app11_sort_net	net	mem	hig	0
T1	2	17	app13_query_scan	disk	mem	low	0
T1	2	18	app13_query_scan	disk	mem	low	0
T1	2	19	app13_query_scan	disk	mem	low	0
T1	2	20	app13_query_scan	disk	mem	low	0
T1	2	21	app16_cpu_oversub	cpu	cpu	hig	1
T1	2	22	app16_cpu_oversub	cpu	cpu	hig	1
T1	2	23	app16_cpu_oversub	cpu	cpu	hig	1
T1	2	24	app16_cpu_oversub	cpu	cpu	hig	1
T1	2	25	app17_mem_pressure	mem	cpu	hig	0
T1	2	26	app17_mem_pressure	mem	cpu	hig	0
T1	2	27	app17_mem_pressure	mem	cpu	hig	0
T1	2	28	app17_mem_pressure	mem	cpu	hig	0
T1	3	1	app01_ml_llc	cache	cpu	hig	0
T1	3	2	app01_ml_llc	cache	cpu	hig	0
T1	3	3	app01_ml_llc	cache	cpu	hig	0
T1	3	4	app01_ml_llc	cache	cpu	hig	0
T1	3	5	app05_streaming	mem	cpu	hig	0
T1	3	6	app05_streaming	mem	cpu	hig	0
T1	3	7	app05_streaming	mem	cpu	hig	0
T1	3	8	app05_streaming	mem	cpu	hig	0
T1	3	9	app10_search	cpu	cpu	hig	1
T1	3	10	app10_search	cpu	cpu	hig	1
T1	3	11	app10_search	cpu	cpu	hig	1
T1	3	12	app10_search	cpu	cpu	hig	1
T1	3	13	app11_sort_net	net	mem	hig	0
T1	3	14	app11_sort_net	net	mem	hig	0
T1	3	15	app11_sort_net	net	mem	hig	0
T1	3	16	app11_sort_net	net	mem	hig	0
T1	3	17	app13_query_scan	disk	mem	low	0
T1	3	18	app13_query_scan	disk	mem	low	0
T1	3	19	app13_query_scan	disk	mem	low	0
T1	3	20	app13_query_scan	disk	mem	low	0
T1	3	21	app16_cpu_oversub	cpu	cpu	hig	1
T1	3	22	app16_cpu_oversub	cpu	cpu	hig	1
T1	3	23	app16_cpu_oversub	cpu	cpu	hig	1
T1	3	24	app16_cpu_oversub	cpu	cpu	hig	1
T1	3	25	app17_mem_pressure	mem	cpu	hig	0
T1	3	26	app17_mem_pressure	mem	cpu	hig	0
T1	3	27	app17_mem_pressure	mem	cpu	hig	0
T1	3	28	app17_mem_pressure	mem	cpu	hig	0
T1	4	1	app01_ml_llc	cache	cpu	hig	0
T1	4	2	app01_ml_llc	cache	cpu	hig	0
T1	4	3	app01_ml_llc	cache	cpu	hig	0
T1	4	4	app01_ml_llc	cache	cpu	hig	0
T1	4	5	app05_streaming	mem	cpu	hig	0
T1	4	6	app05_streaming	mem	cpu	hig	0
T1	4	7	app05_streaming	mem	cpu	hig	0
T1	4	8	app05_streaming	mem	cpu	hig	0
T1	4	9	app10_search	cpu	cpu	hig	1
T1	4	10	app10_search	cpu	cpu	hig	1
T1	4	11	app10_search	cpu	cpu	hig	1
T1	4	12	app10_search	cpu	cpu	hig	1
T1	4	13	app11_sort_net	net	mem	hig	0
T1	4	14	app11_sort_net	net	mem	hig	0
T1	4	15	app11_sort_net	net	mem	hig	0
T1	4	16	app11_sort_net	net	mem	hig	0
T1	4	17	app13_query_scan	disk	mem	low	0
T1	4	18	app13_query_scan	disk	mem	low	0
T1	4	19	app13_query_scan	disk	mem	low	0
T1	4	20	app13_query_scan	disk	mem	low	0
T1	4	21	app16_cpu_oversub	cpu	cpu	hig	1
T1	4	22	app16_cpu_oversub	cpu	cpu	hig	1
T1	4	23	app16_cpu_oversub	cpu	cpu	hig	1
T1	4	24	app16_cpu_oversub	cpu	cpu	hig	1
T1	4	25	app17_mem_pressure	mem	cpu	hig	0
T1	4	26	app17_mem_pressure	mem	cpu	hig	0
T1	4	27	app17_mem_pressure	mem	cpu	hig	0
T1	4	28	app17_mem_pressure	mem	cpu	hig	0
T1	5	1	app01_ml_llc	cache	cpu	hig	0
T1	5	2	app01_ml_llc	cache	cpu	hig	0
T1	5	3	app01_ml_llc	cache	cpu	hig	0
T1	5	4	app01_ml_llc	cache	cpu	hig	0
T1	5	5	app05_streaming	mem	cpu	hig	0
T1	5	6	app05_streaming	mem	cpu	hig	0
T1	5	7	app05_streaming	mem	cpu	hig	0
T1	5	8	app05_streaming	mem	cpu	hig	0
T1	5	9	app10_search	cpu	cpu	hig	1
T1	5	10	app10_search	cpu	cpu	hig	1
T1	5	11	app10_search	cpu	cpu	hig	1
T1	5	12	app10_search	cpu	cpu	hig	1
T1	5	13	app11_sort_net	net	mem	hig	0
T1	5	14	app11_sort_net	net	mem	hig	0
T1	5	15	app11_sort_net	net	mem	hig	0
T1	5	16	app11_sort_net	net	mem	hig	0
T1	5	17	app13_query_scan	disk	mem	low	0
T1	5	18	app13_query_scan	disk	mem	low	0
T1	5	19	app13_query_scan	disk	mem	low	0
T1	5	20	app13_query_scan	disk	mem	low	0
T1	5	21	app16_cpu_oversub	cpu	cpu	hig	1
T1	5	22	app16_cpu_oversub	cpu	cpu	hig	1
T1	5	23	app16_cpu_oversub	cpu	cpu	hig	1
T1	5	24	app16_cpu_oversub	cpu	cpu	hig	1
T1	5	25	app17_mem_pressure	mem	cpu	hig	0
T1	5	26	app17_mem_pressure	mem	cpu	hig	0
T1	5	27	app17_mem_pressure	mem	cpu	hig	0
T1	5	28	app17_mem_pressure	mem	cpu	hig	0
T1	6	1	app01_ml_llc	cache	cpu	hig	0
T1	6	2	app01_ml_llc	cache	cpu	hig	0
T1	6	3	app01_ml_llc	cache	cpu	hig	0
T1	6	4	app01_ml_llc	cache	cpu	hig	0
T1	6	5	app05_streaming	mem	cpu	hig	0
T1	6	6	app05_streaming	mem	cpu	hig	0
T1	6	7	app05_streaming	mem	cpu	hig	0
T1	6	8	app05_streaming	mem	cpu	hig	0
T1	6	9	app10_search	cpu	cpu	hig	1
T1	6	10	app10_search	cpu	cpu	hig	1
T1	6	11	app10_search	cpu	cpu	hig	1
T1	6	12	app10_search	cpu	cpu	hig	1
T1	6	13	app11_sort_net	net	mem	hig	0
T1	6	14	app11_sort_net	net	mem	hig	0
T1	6	15	app11_sort_net	net	mem	hig	0
T1	6	16	app11_sort_net	net	mem	hig	0
T1	6	17	app13_query_scan	disk	mem	low	0
T1	6	18	app13_query_scan	disk	mem	low	0
T1	6	19	app13_query_scan	disk	mem	low	0
T1	6	20	app13_query_scan	disk	mem	low	0
T1	6	21	app16_cpu_oversub	cpu	cpu	hig	1
T1	6	22	app16_cpu_oversub	cpu	cpu	hig	1
T1	6	23	app16_cpu_oversub	cpu	cpu	hig	1
T1	6	24	app16_cpu_oversub	cpu	cpu	hig	1
T1	6	25	app17_mem_pressure	mem	cpu	hig	0
T1	6	26	app17_mem_pressure	mem	cpu	hig	0
T1	6	27	app17_mem_pressure	mem	cpu	hig	0
T1	6	28	app17_mem_pressure	mem	cpu	hig	0
T1	7	1	app01_ml_llc	cache	cpu	hig	0
T1	7	2	app01_ml_llc	cache	cpu	hig	0
T1	7	3	app01_ml_llc	cache	cpu	hig	0
T1	7	4	app01_ml_llc	cache	cpu	hig	0
T1	7	5	app05_streaming	mem	cpu	hig	0
T1	7	6	app05_streaming	mem	cpu	hig	0
T1	7	7	app05_streaming	mem	cpu	hig	0
T1	7	8	app05_streaming	mem	cpu	hig	0
T1	7	9	app10_search	cpu	cpu	hig	1
T1	7	10	app10_search	cpu	cpu	hig	1
T1	7	11	app10_search	cpu	cpu	hig	1
T1	7	12	app10_search	cpu	cpu	hig	1
T1	7	13	app11_sort_net	net	mem	hig	0
T1	7	14	app11_sort_net	net	mem	hig	0
T1	7	15	app11_sort_net	net	mem	hig	0
T1	7	16	app11_sort_net	net	mem	hig	0
T1	7	17	app13_query_scan	disk	mem	low	0
T1	7	18	app13_query_scan	disk	mem	low	0
T1	7	19	app13_query_scan	disk	mem	low	0
T1	7	20	app13_query_scan	disk	mem	low	0
T1	7	21	app16_cpu_oversub	cpu	cpu	hig	1
T1	7	22	app16_cpu_oversub	cpu	cpu	hig	1
T1	7	23	app16_cpu_oversub	cpu	cpu	hig	1
T1	7	24	app16_cpu_oversub	cpu	cpu	hig	1
T1	7	25	app17_mem_pressure	mem	cpu	hig	0
T1	7	26	app17_mem_pressure	mem	cpu	hig	0
T1	7	27	app17_mem_pressure	mem	cpu	hig	0
T1	7	28	app17_mem_pressure	mem	cpu	hig	0
T1	8	1	app01_ml_llc	cache	cpu	hig	0
T1	8	2	app01_ml_llc	cache	cpu	hig	0
T1	8	3	app01_ml_llc	cache	cpu	hig	0
T1	8	4	app01_ml_llc	cache	cpu	hig	0
T1	8	5	app05_streaming	mem	cpu	hig	0
T1	8	6	app05_streaming	mem	cpu	hig	0
T1	8	7	app05_streaming	mem	cpu	hig	0
T1	8	8	app05_streaming	mem	cpu	hig	0
T1	8	9	app10_search	cpu	cpu	hig	1
T1	8	10	app10_search	cpu	cpu	hig	1
T1	8	11	app10_search	cpu	cpu	hig	1
T1	8	12	app10_search	cpu	cpu	hig	1
T1	8	13	app11_sort_net	net	mem	hig	0
T1	8	14	app11_sort_net	net	mem	hig	0
T1	8	15	app11_sort_net	net	mem	hig	0
T1	8	16	app11_sort_net	net	mem	hig	0
T1	8	17	app13_query_scan	disk	mem	low	0
T1	8	18	app13_query_scan	disk	mem	low	0
T1	8	19	app13_query_scan	disk	mem	low	0
T1	8	20	app13_query_scan	disk	mem	low	0
T1	8	21	app16_cpu_oversub	cpu	cpu	hig	1
T1	8	22	app16_cpu_oversub	cpu	cpu	hig	1
T1	8	23	app16_cpu_oversub	cpu	cpu	hig	1
T1	8	24	app16_cpu_oversub	cpu	cpu	hig	1
T1	8	25	app17_mem_pressure	mem	cpu	hig	0
T1	8	26	app17_mem_pressure	mem	cpu	hig	0
T1	8	27	app17_mem_pressure	mem	cpu	hig	0
T1	8	28	app17_mem_pressure	mem	cpu	hig	0
T1	9	1	app01_ml_llc	cache	cpu	hig	0
T1	9	2	app01_ml_llc	cache	cpu	hig	0
T1	9	3	app01_ml_llc	cache	cpu	hig	0
T1	9	4	app01_ml_llc	cache	cpu	hig	0
T1	9	5	app05_streaming	mem	cpu	hig	0
T1	9	6	app05_streaming	mem	cpu	hig	0
T1	9	7	app05_streaming	mem	cpu	hig	0
T1	9	8	app05_streaming	mem	cpu	hig	0
T1	9	9	app10_search	cpu	cpu	hig	1
T1	9	10	app10_search	cpu	cpu	hig	1
T1	9	11	app10_search	cpu	cpu	hig	1
T1	9	12	app10_search	cpu	cpu	hig	1
T1	9	13	app11_sort_net	net	mem	hig	0
T1	9	14	app11_sort_net	net	mem	hig	0
T1	9	15	app11_sort_net	net	mem	hig	0
T1	9	16	app11_sort_net	net	mem	hig	0
T1	9	17	app13_query_scan	disk	mem	low	0
T1	9	18	app13_query_scan	disk	mem	low	0
T1	9	19	app13_query_scan	disk	mem	low	0
T1	9	20	app13_query_scan	disk	mem	low	0
T1	9	21	app16_cpu_oversub	cpu	cpu	hig	1
T1	9	22	app16_cpu_oversub	cpu	cpu	hig	1
T1	9	23	app16_cpu_oversub	cpu	cpu	hig	1
T1	9	24	app16_cpu_oversub	cpu	cpu	hig	1
T1	9	25	app17_mem_pressure	mem	cpu	hig	0
T1	9	26	app17_mem_pressure	mem	cpu	hig	0
T1	9	27	app17_mem_pressure	mem	cpu	hig	0
T1	9	28	app17_mem_pressure	mem	cpu	hig	0
T1	10	1	app01_ml_llc	cache	cpu	hig	0
T1	10	2	app01_ml_llc	cache	cpu	hig	0
T1	10	3	app01_ml_llc	cache	cpu	hig	0
T1	10	4	app01_ml_llc	cache	cpu	hig	0
T1	10	5	app05_streaming	mem	cpu	hig	0
T1	10	6	app05_streaming	mem	cpu	hig	0
T1	10	7	app05_streaming	mem	cpu	hig	0
T1	10	8	app05_streaming	mem	cpu	hig	0
T1	10	9	app10_search	cpu	cpu	hig	1
T1	10	10	app10_search	cpu	cpu	hig	1
T1	10	11	app10_search	cpu	cpu	hig	1
T1	10	12	app10_search	cpu	cpu	hig	1
T1	10	13	app11_sort_net	net	mem	hig	0
T1	10	14	app11_sort_net	net	mem	hig	0
T1	10	15	app11_sort_net	net	mem	hig	0
T1	10	16	app11_sort_net	net	mem	hig	0
T1	10	17	app13_query_scan	disk	mem	low	0
T1	10	18	app13_query_scan	disk	mem	low	0
T1	10	19	app13_query_scan	disk	mem	low	0
T1	10	20	app13_query_scan	disk	mem	low	0
T1	10	21	app16_cpu_oversub	cpu	cpu	hig	1
T1	10	22	app16_cpu_oversub	cpu	cpu	hig	1
T1	10	23	app16_cpu_oversub	cpu	cpu	hig	1
T1	10	24	app16_cpu_oversub	cpu	cpu	hig	1
T1	10	25	app17_mem_pressure	mem	cpu	hig	0
T1	10	26	app17_mem_pressure	mem	cpu	hig	0
T1	10	27	app17_mem_pressure	mem	cpu	hig	0
T1	10	28	app17_mem_pressure	mem	cpu	hig	0
A	1	1	app01_ml_llc	cache	cpu	hig	0
A	1	2	app01_ml_llc	cache	cpu	hig	0
A	1	3	app01_ml_llc	cache	cpu	hig	0
A	1	4	app01_ml_llc	cache	cpu	hig	0
A	1	5	app05_streaming	mem	net	mod	0
A	1	6	app05_streaming	mem	net	mod	0
A	1	7	app05_streaming	mem	net	mod	0
A	1	8	app05_streaming	mem	net	mod	0
A	1	9	app10_search	cpu	cpu	hig	1
A	1	10	app10_search	cpu	cpu	hig	1
A	1	11	app10_search	cpu	cpu	hig	1
A	1	12	app10_search	cpu	cpu	hig	1
A	1	13	app11_sort_net	net	net	hig	1
A	1	14	app11_sort_net	net	net	hig	1
A	1	15	app11_sort_net	net	net	hig	1
A	1	16	app11_sort_net	net	net	hig	1
A	1	17	app13_query_scan	disk	disk	hig	1
A	1	18	app13_query_scan	disk	disk	hig	1
A	1	19	app13_query_scan	disk	disk	hig	1
A	1	20	app13_query_scan	disk	disk	hig	1
A	1	21	app16_cpu_oversub	cpu	cpu	hig	1
A	1	22	app16_cpu_oversub	cpu	cpu	hig	1
A	1	23	app16_cpu_oversub	cpu	cpu	hig	1
A	1	24	app16_cpu_oversub	cpu	cpu	hig	1
A	1	25	app17_mem_pressure	mem	mem	hig	1
A	1	26	app17_mem_pressure	mem	mem	hig	1
A	1	27	app17_mem_pressure	mem	cpu	hig	0
A	1	28	app17_mem_pressure	mem	mem	hig	1
A	2	1	app01_ml_llc	cache	cpu	hig	0
A	2	2	app01_ml_llc	cache	cpu	hig	0
A	2	3	app01_ml_llc	cache	cpu	hig	0
A	2	4	app01_ml_llc	cache	cpu	hig	0
A	2	5	app05_streaming	mem	net	mod	0
A	2	6	app05_streaming	mem	net	mod	0
A	2	7	app05_streaming	mem	net	mod	0
A	2	8	app05_streaming	mem	net	mod	0
A	2	9	app10_search	cpu	cpu	hig	1
A	2	10	app10_search	cpu	cpu	hig	1
A	2	11	app10_search	cpu	cpu	hig	1
A	2	12	app10_search	cpu	cpu	hig	1
A	2	13	app11_sort_net	net	net	hig	1
A	2	14	app11_sort_net	net	net	hig	1
A	2	15	app11_sort_net	net	net	hig	1
A	2	16	app11_sort_net	net	net	hig	1
A	2	17	app13_query_scan	disk	disk	hig	1
A	2	18	app13_query_scan	disk	disk	hig	1
A	2	19	app13_query_scan	disk	disk	hig	1
A	2	20	app13_query_scan	disk	disk	hig	1
A	2	21	app16_cpu_oversub	cpu	cpu	hig	1
A	2	22	app16_cpu_oversub	cpu	cpu	hig	1
A	2	23	app16_cpu_oversub	cpu	cpu	hig	1
A	2	24	app16_cpu_oversub	cpu	cpu	hig	1
A	2	25	app17_mem_pressure	mem	mem	hig	1
A	2	26	app17_mem_pressure	mem	mem	hig	1
A	2	27	app17_mem_pressure	mem	cpu	hig	0
A	2	28	app17_mem_pressure	mem	mem	hig	1
A	3	1	app01_ml_llc	cache	cpu	hig	0
A	3	2	app01_ml_llc	cache	cpu	hig	0
A	3	3	app01_ml_llc	cache	cpu	hig	0
A	3	4	app01_ml_llc	cache	cpu	hig	0
A	3	5	app05_streaming	mem	net	mod	0
A	3	6	app05_streaming	mem	net	mod	0
A	3	7	app05_streaming	mem	net	mod	0
A	3	8	app05_streaming	mem	net	mod	0
A	3	9	app10_search	cpu	cpu	hig	1
A	3	10	app10_search	cpu	cpu	hig	1
A	3	11	app10_search	cpu	cpu	hig	1
A	3	12	app10_search	cpu	cpu	hig	1
A	3	13	app11_sort_net	net	net	hig	1
A	3	14	app11_sort_net	net	net	hig	1
A	3	15	app11_sort_net	net	net	hig	1
A	3	16	app11_sort_net	net	net	hig	1
A	3	17	app13_query_scan	disk	disk	hig	1
A	3	18	app13_query_scan	disk	disk	hig	1
A	3	19	app13_query_scan	disk	disk	hig	1
A	3	20	app13_query_scan	disk	disk	hig	1
A	3	21	app16_cpu_oversub	cpu	cpu	hig	1
A	3	22	app16_cpu_oversub	cpu	cpu	hig	1
A	3	23	app16_cpu_oversub	cpu	cpu	hig	1
A	3	24	app16_cpu_oversub	cpu	cpu	hig	1
A	3	25	app17_mem_pressure	mem	mem	hig	1
A	3	26	app17_mem_pressure	mem	mem	hig	1
A	3	27	app17_mem_pressure	mem	cpu	hig	0
A	3	28	app17_mem_pressure	mem	mem	hig	1
A	4	1	app01_ml_llc	cache	cpu	hig	0
A	4	2	app01_ml_llc	cache	cpu	hig	0
A	4	3	app01_ml_llc	cache	cpu	hig	0
A	4	4	app01_ml_llc	cache	cpu	hig	0
A	4	5	app05_streaming	mem	net	mod	0
A	4	6	app05_streaming	mem	net	mod	0
A	4	7	app05_streaming	mem	net	mod	0
A	4	8	app05_streaming	mem	net	mod	0
A	4	9	app10_search	cpu	cpu	hig	1
A	4	10	app10_search	cpu	cpu	hig	1
A	4	11	app10_search	cpu	cpu	hig	1
A	4	12	app10_search	cpu	cpu	hig	1
A	4	13	app11_sort_net	net	net	hig	1
A	4	14	app11_sort_net	net	net	hig	1
A	4	15	app11_sort_net	net	net	hig	1
A	4	16	app11_sort_net	net	net	hig	1
A	4	17	app13_query_scan	disk	disk	hig	1
A	4	18	app13_query_scan	disk	disk	hig	1
A	4	19	app13_query_scan	disk	disk	hig	1
A	4	20	app13_query_scan	disk	disk	hig	1
A	4	21	app16_cpu_oversub	cpu	cpu	hig	1
A	4	22	app16_cpu_oversub	cpu	cpu	hig	1
A	4	23	app16_cpu_oversub	cpu	cpu	hig	1
A	4	24	app16_cpu_oversub	cpu	cpu	hig	1
A	4	25	app17_mem_pressure	mem	mem	hig	1
A	4	26	app17_mem_pressure	mem	mem	hig	1
A	4	27	app17_mem_pressure	mem	cpu	hig	0
A	4	28	app17_mem_pressure	mem	mem	hig	1
A	5	1	app01_ml_llc	cache	cpu	hig	0
A	5	2	app01_ml_llc	cache	cpu	hig	0
A	5	3	app01_ml_llc	cache	cpu	hig	0
A	5	4	app01_ml_llc	cache	cpu	hig	0
A	5	5	app05_streaming	mem	net	mod	0
A	5	6	app05_streaming	mem	net	mod	0
A	5	7	app05_streaming	mem	net	mod	0
A	5	8	app05_streaming	mem	net	mod	0
A	5	9	app10_search	cpu	cpu	hig	1
A	5	10	app10_search	cpu	cpu	hig	1
A	5	11	app10_search	cpu	cpu	hig	1
A	5	12	app10_search	cpu	cpu	hig	1
A	5	13	app11_sort_net	net	net	hig	1
A	5	14	app11_sort_net	net	net	hig	1
A	5	15	app11_sort_net	net	net	hig	1
A	5	16	app11_sort_net	net	net	hig	1
A	5	17	app13_query_scan	disk	disk	hig	1
A	5	18	app13_query_scan	disk	disk	hig	1
A	5	19	app13_query_scan	disk	disk	hig	1
A	5	20	app13_query_scan	disk	disk	hig	1
A	5	21	app16_cpu_oversub	cpu	cpu	hig	1
A	5	22	app16_cpu_oversub	cpu	cpu	hig	1
A	5	23	app16_cpu_oversub	cpu	cpu	hig	1
A	5	24	app16_cpu_oversub	cpu	cpu	hig	1
A	5	25	app17_mem_pressure	mem	mem	hig	1
A	5	26	app17_mem_pressure	mem	mem	hig	1
A	5	27	app17_mem_pressure	mem	cpu	hig	0
A	5	28	app17_mem_pressure	mem	mem	hig	1
A	6	1	app01_ml_llc	cache	cpu	hig	0
A	6	2	app01_ml_llc	cache	cpu	hig	0
A	6	3	app01_ml_llc	cache	cpu	hig	0
A	6	4	app01_ml_llc	cache	cpu	hig	0
A	6	5	app05_streaming	mem	net	mod	0
A	6	6	app05_streaming	mem	net	mod	0
A	6	7	app05_streaming	mem	net	mod	0
A	6	8	app05_streaming	mem	net	mod	0
A	6	9	app10_search	cpu	cpu	hig	1
A	6	10	app10_search	cpu	cpu	hig	1
A	6	11	app10_search	cpu	cpu	hig	1
A	6	12	app10_search	cpu	cpu	hig	1
A	6	13	app11_sort_net	net	net	hig	1
A	6	14	app11_sort_net	net	net	hig	1
A	6	15	app11_sort_net	net	net	hig	1
A	6	16	app11_sort_net	net	net	hig	1
A	6	17	app13_query_scan	disk	disk	hig	1
A	6	18	app13_query_scan	disk	disk	hig	1
A	6	19	app13_query_scan	disk	disk	hig	1
A	6	20	app13_query_scan	disk	disk	hig	1
A	6	21	app16_cpu_oversub	cpu	cpu	hig	1
A	6	22	app16_cpu_oversub	cpu	cpu	hig	1
A	6	23	app16_cpu_oversub	cpu	cpu	hig	1
A	6	24	app16_cpu_oversub	cpu	cpu	hig	1
A	6	25	app17_mem_pressure	mem	mem	hig	1
A	6	26	app17_mem_pressure	mem	mem	hig	1
A	6	27	app17_mem_pressure	mem	cpu	hig	0
A	6	28	app17_mem_pressure	mem	mem	hig	1
A	7	1	app01_ml_llc	cache	cpu	hig	0
A	7	2	app01_ml_llc	cache	cpu	hig	0
A	7	3	app01_ml_llc	cache	cpu	hig	0
A	7	4	app01_ml_llc	cache	cpu	hig	0
A	7	5	app05_streaming	mem	net	mod	0
A	7	6	app05_streaming	mem	net	mod	0
A	7	7	app05_streaming	mem	net	mod	0
A	7	8	app05_streaming	mem	net	mod	0
A	7	9	app10_search	cpu	cpu	hig	1
A	7	10	app10_search	cpu	cpu	hig	1
A	7	11	app10_search	cpu	cpu	hig	1
A	7	12	app10_search	cpu	cpu	hig	1
A	7	13	app11_sort_net	net	net	hig	1
A	7	14	app11_sort_net	net	net	hig	1
A	7	15	app11_sort_net	net	net	hig	1
A	7	16	app11_sort_net	net	net	hig	1
A	7	17	app13_query_scan	disk	disk	hig	1
A	7	18	app13_query_scan	disk	disk	hig	1
A	7	19	app13_query_scan	disk	disk	hig	1
A	7	20	app13_query_scan	disk	disk	hig	1
A	7	21	app16_cpu_oversub	cpu	cpu	hig	1
A	7	22	app16_cpu_oversub	cpu	cpu	hig	1
A	7	23	app16_cpu_oversub	cpu	cpu	hig	1
A	7	24	app16_cpu_oversub	cpu	cpu	hig	1
A	7	25	app17_mem_pressure	mem	mem	hig	1
A	7	26	app17_mem_pressure	mem	mem	hig	1
A	7	27	app17_mem_pressure	mem	cpu	hig	0
A	7	28	app17_mem_pressure	mem	mem	hig	1
A	8	1	app01_ml_llc	cache	cpu	hig	0
A	8	2	app01_ml_llc	cache	cpu	hig	0
A	8	3	app01_ml_llc	cache	cpu	hig	0
A	8	4	app01_ml_llc	cache	cpu	hig	0
A	8	5	app05_streaming	mem	net	mod	0
A	8	6	app05_streaming	mem	net	mod	0
A	8	7	app05_streaming	mem	net	mod	0
A	8	8	app05_streaming	mem	net	mod	0
A	8	9	app10_search	cpu	cpu	hig	1
A	8	10	app10_search	cpu	cpu	hig	1
A	8	11	app10_search	cpu	cpu	hig	1
A	8	12	app10_search	cpu	cpu	hig	1
A	8	13	app11_sort_net	net	net	hig	1
A	8	14	app11_sort_net	net	net	hig	1
A	8	15	app11_sort_net	net	net	hig	1
A	8	16	app11_sort_net	net	net	hig	1
A	8	17	app13_query_scan	disk	disk	hig	1
A	8	18	app13_query_scan	disk	disk	hig	1
A	8	19	app13_query_scan	disk	disk	hig	1
A	8	20	app13_query_scan	disk	disk	hig	1
A	8	21	app16_cpu_oversub	cpu	cpu	hig	1
A	8	22	app16_cpu_oversub	cpu	cpu	hig	1
A	8	23	app16_cpu_oversub	cpu	cpu	hig	1
A	8	24	app16_cpu_oversub	cpu	cpu	hig	1
A	8	25	app17_mem_pressure	mem	mem	hig	1
A	8	26	app17_mem_pressure	mem	mem	hig	1
A	8	27	app17_mem_pressure	mem	cpu	hig	0
A	8	28	app17_mem_pressure	mem	mem	hig	1
A	9	1	app01_ml_llc	cache	cpu	hig	0
A	9	2	app01_ml_llc	cache	cpu	hig	0
A	9	3	app01_ml_llc	cache	cpu	hig	0
A	9	4	app01_ml_llc	cache	cpu	hig	0
A	9	5	app05_streaming	mem	net	mod	0
A	9	6	app05_streaming	mem	net	mod	0
A	9	7	app05_streaming	mem	net	mod	0
A	9	8	app05_streaming	mem	net	mod	0
A	9	9	app10_search	cpu	cpu	hig	1
A	9	10	app10_search	cpu	cpu	hig	1
A	9	11	app10_search	cpu	cpu	hig	1
A	9	12	app10_search	cpu	cpu	hig	1
A	9	13	app11_sort_net	net	net	hig	1
A	9	14	app11_sort_net	net	net	hig	1
A	9	15	app11_sort_net	net	net	hig	1
A	9	16	app11_sort_net	net	net	hig	1
A	9	17	app13_query_scan	disk	disk	hig	1
A	9	18	app13_query_scan	disk	disk	hig	1
A	9	19	app13_query_scan	disk	disk	hig	1
A	9	20	app13_query_scan	disk	disk	hig	1
A	9	21	app16_cpu_oversub	cpu	cpu	hig	1
A	9	22	app16_cpu_oversub	cpu	cpu	hig	1
A	9	23	app16_cpu_oversub	cpu	cpu	hig	1
A	9	24	app16_cpu_oversub	cpu	cpu	hig	1
A	9	25	app17_mem_pressure	mem	mem	hig	1
A	9	26	app17_mem_pressure	mem	mem	hig	1
A	9	27	app17_mem_pressure	mem	cpu	hig	0
A	9	28	app17_mem_pressure	mem	mem	hig	1
A	10	1	app01_ml_llc	cache	cpu	hig	0
A	10	2	app01_ml_llc	cache	cpu	hig	0
A	10	3	app01_ml_llc	cache	cpu	hig	0
A	10	4	app01_ml_llc	cache	cpu	hig	0
A	10	5	app05_streaming	mem	net	mod	0
A	10	6	app05_streaming	mem	net	mod	0
A	10	7	app05_streaming	mem	net	mod	0
A	10	8	app05_streaming	mem	net	mod	0
A	10	9	app10_search	cpu	cpu	hig	1
A	10	10	app10_search	cpu	cpu	hig	1
A	10	11	app10_search	cpu	cpu	hig	1
A	10	12	app10_search	cpu	cpu	hig	1
A	10	13	app11_sort_net	net	net	hig	1
A	10	14	app11_sort_net	net	net	hig	1
A	10	15	app11_sort_net	net	net	hig	1
A	10	16	app11_sort_net	net	net	hig	1
A	10	17	app13_query_scan	disk	disk	hig	1
A	10	18	app13_query_scan	disk	disk	hig	1
A	10	19	app13_query_scan	disk	disk	hig	1
A	10	20	app13_query_scan	disk	disk	hig	1
A	10	21	app16_cpu_oversub	cpu	cpu	hig	1
A	10	22	app16_cpu_oversub	cpu	cpu	hig	1
A	10	23	app16_cpu_oversub	cpu	cpu	hig	1
A	10	24	app16_cpu_oversub	cpu	cpu	hig	1
A	10	25	app17_mem_pressure	mem	mem	hig	1
A	10	26	app17_mem_pressure	mem	mem	hig	1
A	10	27	app17_mem_pressure	mem	cpu	hig	0
A	10	28	app17_mem_pressure	mem	mem	hig	1
B	1	1	app01_ml_llc	cache	mem	mod	0
B	1	2	app01_ml_llc	cache	mem	mod	0
B	1	3	app01_ml_llc	cache	mem	mod	0
B	1	4	app01_ml_llc	cache	mem	mod	0
B	1	5	app05_streaming	mem	mem	hig	1
B	1	6	app05_streaming	mem	mem	hig	1
B	1	7	app05_streaming	mem	mem	hig	1
B	1	8	app05_streaming	mem	mem	hig	1
B	1	9	app10_search	cpu	cpu	mod	1
B	1	10	app10_search	cpu	cpu	mod	1
B	1	11	app10_search	cpu	cpu	mod	1
B	1	12	app10_search	cpu	cpu	mod	1
B	1	13	app11_sort_net	net	mem	mod	0
B	1	14	app11_sort_net	net	mem	mod	0
B	1	15	app11_sort_net	net	mem	mod	0
B	1	16	app11_sort_net	net	mem	mod	0
B	1	17	app13_query_scan	disk	mem	low	0
B	1	18	app13_query_scan	disk	mem	low	0
B	1	19	app13_query_scan	disk	mem	low	0
B	1	20	app13_query_scan	disk	mem	low	0
B	1	21	app16_cpu_oversub	regime	mem	mod	0
B	1	22	app16_cpu_oversub	regime	mem	mod	0
B	1	23	app16_cpu_oversub	regime	mem	mod	0
B	1	24	app16_cpu_oversub	regime	mem	mod	0
B	1	25	app17_mem_pressure	mem	mem	hig	1
B	1	26	app17_mem_pressure	mem	mem	hig	1
B	1	27	app17_mem_pressure	mem	mem	hig	1
B	1	28	app17_mem_pressure	mem	mem	hig	1
B	2	1	app01_ml_llc	cache	mem	mod	0
B	2	2	app01_ml_llc	cache	mem	mod	0
B	2	3	app01_ml_llc	cache	mem	mod	0
B	2	4	app01_ml_llc	cache	mem	mod	0
B	2	5	app05_streaming	mem	mem	hig	1
B	2	6	app05_streaming	mem	mem	hig	1
B	2	7	app05_streaming	mem	mem	hig	1
B	2	8	app05_streaming	mem	mem	hig	1
B	2	9	app10_search	cpu	cpu	mod	1
B	2	10	app10_search	cpu	cpu	mod	1
B	2	11	app10_search	cpu	cpu	mod	1
B	2	12	app10_search	cpu	cpu	mod	1
B	2	13	app11_sort_net	net	mem	mod	0
B	2	14	app11_sort_net	net	mem	mod	0
B	2	15	app11_sort_net	net	mem	mod	0
B	2	16	app11_sort_net	net	mem	mod	0
B	2	17	app13_query_scan	disk	mem	low	0
B	2	18	app13_query_scan	disk	mem	low	0
B	2	19	app13_query_scan	disk	mem	low	0
B	2	20	app13_query_scan	disk	mem	low	0
B	2	21	app16_cpu_oversub	regime	mem	mod	0
B	2	22	app16_cpu_oversub	regime	mem	mod	0
B	2	23	app16_cpu_oversub	regime	mem	mod	0
B	2	24	app16_cpu_oversub	regime	mem	mod	0
B	2	25	app17_mem_pressure	mem	mem	hig	1
B	2	26	app17_mem_pressure	mem	mem	hig	1
B	2	27	app17_mem_pressure	mem	mem	hig	1
B	2	28	app17_mem_pressure	mem	mem	hig	1
B	3	1	app01_ml_llc	cache	mem	mod	0
B	3	2	app01_ml_llc	cache	mem	mod	0
B	3	3	app01_ml_llc	cache	mem	mod	0
B	3	4	app01_ml_llc	cache	mem	mod	0
B	3	5	app05_streaming	mem	mem	hig	1
B	3	6	app05_streaming	mem	mem	hig	1
B	3	7	app05_streaming	mem	mem	hig	1
B	3	8	app05_streaming	mem	mem	hig	1
B	3	9	app10_search	cpu	cpu	mod	1
B	3	10	app10_search	cpu	cpu	mod	1
B	3	11	app10_search	cpu	cpu	mod	1
B	3	12	app10_search	cpu	cpu	mod	1
B	3	13	app11_sort_net	net	mem	mod	0
B	3	14	app11_sort_net	net	mem	mod	0
B	3	15	app11_sort_net	net	mem	mod	0
B	3	16	app11_sort_net	net	mem	mod	0
B	3	17	app13_query_scan	disk	mem	low	0
B	3	18	app13_query_scan	disk	mem	low	0
B	3	19	app13_query_scan	disk	mem	low	0
B	3	20	app13_query_scan	disk	mem	low	0
B	3	21	app16_cpu_oversub	regime	mem	mod	0
B	3	22	app16_cpu_oversub	regime	mem	mod	0
B	3	23	app16_cpu_oversub	regime	mem	mod	0
B	3	24	app16_cpu_oversub	regime	mem	mod	0
B	3	25	app17_mem_pressure	mem	mem	hig	1
B	3	26	app17_mem_pressure	mem	mem	hig	1
B	3	27	app17_mem_pressure	mem	mem	hig	1
B	3	28	app17_mem_pressure	mem	mem	hig	1
B	4	1	app01_ml_llc	cache	mem	mod	0
B	4	2	app01_ml_llc	cache	mem	mod	0
B	4	3	app01_ml_llc	cache	mem	mod	0
B	4	4	app01_ml_llc	cache	mem	mod	0
B	4	5	app05_streaming	mem	mem	hig	1
B	4	6	app05_streaming	mem	mem	hig	1
B	4	7	app05_streaming	mem	mem	hig	1
B	4	8	app05_streaming	mem	mem	hig	1
B	4	9	app10_search	cpu	cpu	mod	1
B	4	10	app10_search	cpu	cpu	mod	1
B	4	11	app10_search	cpu	cpu	mod	1
B	4	12	app10_search	cpu	cpu	mod	1
B	4	13	app11_sort_net	net	mem	mod	0
B	4	14	app11_sort_net	net	mem	mod	0
B	4	15	app11_sort_net	net	mem	mod	0
B	4	16	app11_sort_net	net	mem	mod	0
B	4	17	app13_query_scan	disk	mem	low	0
B	4	18	app13_query_scan	disk	mem	low	0
B	4	19	app13_query_scan	disk	mem	low	0
B	4	20	app13_query_scan	disk	mem	low	0
B	4	21	app16_cpu_oversub	regime	mem	mod	0
B	4	22	app16_cpu_oversub	regime	mem	mod	0
B	4	23	app16_cpu_oversub	regime	mem	mod	0
B	4	24	app16_cpu_oversub	regime	mem	mod	0
B	4	25	app17_mem_pressure	mem	mem	hig	1
B	4	26	app17_mem_pressure	mem	mem	hig	1
B	4	27	app17_mem_pressure	mem	mem	hig	1
B	4	28	app17_mem_pressure	mem	mem	hig	1
B	5	1	app01_ml_llc	cache	mem	mod	0
B	5	2	app01_ml_llc	cache	mem	mod	0
B	5	3	app01_ml_llc	cache	mem	mod	0
B	5	4	app01_ml_llc	cache	mem	mod	0
B	5	5	app05_streaming	mem	mem	hig	1
B	5	6	app05_streaming	mem	mem	hig	1
B	5	7	app05_streaming	mem	mem	hig	1
B	5	8	app05_streaming	mem	mem	hig	1
B	5	9	app10_search	cpu	cpu	mod	1
B	5	10	app10_search	cpu	cpu	mod	1
B	5	11	app10_search	cpu	cpu	mod	1
B	5	12	app10_search	cpu	cpu	mod	1
B	5	13	app11_sort_net	net	mem	mod	0
B	5	14	app11_sort_net	net	mem	mod	0
B	5	15	app11_sort_net	net	mem	mod	0
B	5	16	app11_sort_net	net	mem	mod	0
B	5	17	app13_query_scan	disk	mem	low	0
B	5	18	app13_query_scan	disk	mem	low	0
B	5	19	app13_query_scan	disk	mem	low	0
B	5	20	app13_query_scan	disk	mem	low	0
B	5	21	app16_cpu_oversub	regime	mem	mod	0
B	5	22	app16_cpu_oversub	regime	mem	mod	0
B	5	23	app16_cpu_oversub	regime	mem	mod	0
B	5	24	app16_cpu_oversub	regime	mem	mod	0
B	5	25	app17_mem_pressure	mem	mem	hig	1
B	5	26	app17_mem_pressure	mem	mem	hig	1
B	5	27	app17_mem_pressure	mem	mem	hig	1
B	5	28	app17_mem_pressure	mem	mem	hig	1
B	6	1	app01_ml_llc	cache	mem	mod	0
B	6	2	app01_ml_llc	cache	mem	mod	0
B	6	3	app01_ml_llc	cache	mem	mod	0
B	6	4	app01_ml_llc	cache	mem	mod	0
B	6	5	app05_streaming	mem	mem	hig	1
B	6	6	app05_streaming	mem	mem	hig	1
B	6	7	app05_streaming	mem	mem	hig	1
B	6	8	app05_streaming	mem	mem	hig	1
B	6	9	app10_search	cpu	cpu	mod	1
B	6	10	app10_search	cpu	cpu	mod	1
B	6	11	app10_search	cpu	cpu	mod	1
B	6	12	app10_search	cpu	cpu	mod	1
B	6	13	app11_sort_net	net	mem	mod	0
B	6	14	app11_sort_net	net	mem	mod	0
B	6	15	app11_sort_net	net	mem	mod	0
B	6	16	app11_sort_net	net	mem	mod	0
B	6	17	app13_query_scan	disk	mem	low	0
B	6	18	app13_query_scan	disk	mem	low	0
B	6	19	app13_query_scan	disk	mem	low	0
B	6	20	app13_query_scan	disk	mem	low	0
B	6	21	app16_cpu_oversub	regime	mem	mod	0
B	6	22	app16_cpu_oversub	regime	mem	mod	0
B	6	23	app16_cpu_oversub	regime	mem	mod	0
B	6	24	app16_cpu_oversub	regime	mem	mod	0
B	6	25	app17_mem_pressure	mem	mem	hig	1
B	6	26	app17_mem_pressure	mem	mem	hig	1
B	6	27	app17_mem_pressure	mem	mem	hig	1
B	6	28	app17_mem_pressure	mem	mem	hig	1
B	7	1	app01_ml_llc	cache	mem	mod	0
B	7	2	app01_ml_llc	cache	mem	mod	0
B	7	3	app01_ml_llc	cache	mem	mod	0
B	7	4	app01_ml_llc	cache	mem	mod	0
B	7	5	app05_streaming	mem	mem	hig	1
B	7	6	app05_streaming	mem	mem	hig	1
B	7	7	app05_streaming	mem	mem	hig	1
B	7	8	app05_streaming	mem	mem	hig	1
B	7	9	app10_search	cpu	cpu	mod	1
B	7	10	app10_search	cpu	cpu	mod	1
B	7	11	app10_search	cpu	cpu	mod	1
B	7	12	app10_search	cpu	cpu	mod	1
B	7	13	app11_sort_net	net	mem	mod	0
B	7	14	app11_sort_net	net	mem	mod	0
B	7	15	app11_sort_net	net	mem	mod	0
B	7	16	app11_sort_net	net	mem	mod	0
B	7	17	app13_query_scan	disk	mem	low	0
B	7	18	app13_query_scan	disk	mem	low	0
B	7	19	app13_query_scan	disk	mem	low	0
B	7	20	app13_query_scan	disk	mem	low	0
B	7	21	app16_cpu_oversub	regime	mem	mod	0
B	7	22	app16_cpu_oversub	regime	mem	mod	0
B	7	23	app16_cpu_oversub	regime	mem	mod	0
B	7	24	app16_cpu_oversub	regime	mem	mod	0
B	7	25	app17_mem_pressure	mem	mem	hig	1
B	7	26	app17_mem_pressure	mem	mem	hig	1
B	7	27	app17_mem_pressure	mem	mem	hig	1
B	7	28	app17_mem_pressure	mem	mem	hig	1
B	8	1	app01_ml_llc	cache	mem	mod	0
B	8	2	app01_ml_llc	cache	mem	mod	0
B	8	3	app01_ml_llc	cache	mem	mod	0
B	8	4	app01_ml_llc	cache	mem	mod	0
B	8	5	app05_streaming	mem	mem	hig	1
B	8	6	app05_streaming	mem	mem	hig	1
B	8	7	app05_streaming	mem	mem	hig	1
B	8	8	app05_streaming	mem	mem	hig	1
B	8	9	app10_search	cpu	cpu	mod	1
B	8	10	app10_search	cpu	cpu	mod	1
B	8	11	app10_search	cpu	cpu	mod	1
B	8	12	app10_search	cpu	cpu	mod	1
B	8	13	app11_sort_net	net	mem	mod	0
B	8	14	app11_sort_net	net	mem	mod	0
B	8	15	app11_sort_net	net	mem	mod	0
B	8	16	app11_sort_net	net	mem	mod	0
B	8	17	app13_query_scan	disk	mem	low	0
B	8	18	app13_query_scan	disk	mem	low	0
B	8	19	app13_query_scan	disk	mem	low	0
B	8	20	app13_query_scan	disk	mem	low	0
B	8	21	app16_cpu_oversub	regime	mem	mod	0
B	8	22	app16_cpu_oversub	regime	mem	mod	0
B	8	23	app16_cpu_oversub	regime	mem	mod	0
B	8	24	app16_cpu_oversub	regime	mem	mod	0
B	8	25	app17_mem_pressure	mem	mem	hig	1
B	8	26	app17_mem_pressure	mem	mem	hig	1
B	8	27	app17_mem_pressure	mem	mem	hig	1
B	8	28	app17_mem_pressure	mem	mem	hig	1
B	9	1	app01_ml_llc	cache	mem	mod	0
B	9	2	app01_ml_llc	cache	mem	mod	0
B	9	3	app01_ml_llc	cache	mem	mod	0
B	9	4	app01_ml_llc	cache	mem	mod	0
B	9	5	app05_streaming	mem	mem	hig	1
B	9	6	app05_streaming	mem	mem	hig	1
B	9	7	app05_streaming	mem	mem	hig	1
B	9	8	app05_streaming	mem	mem	hig	1
B	9	9	app10_search	cpu	cpu	mod	1
B	9	10	app10_search	cpu	cpu	mod	1
B	9	11	app10_search	cpu	cpu	mod	1
B	9	12	app10_search	cpu	cpu	mod	1
B	9	13	app11_sort_net	net	mem	mod	0
B	9	14	app11_sort_net	net	mem	mod	0
B	9	15	app11_sort_net	net	mem	mod	0
B	9	16	app11_sort_net	net	mem	mod	0
B	9	17	app13_query_scan	disk	mem	low	0
B	9	18	app13_query_scan	disk	mem	low	0
B	9	19	app13_query_scan	disk	mem	low	0
B	9	20	app13_query_scan	disk	mem	low	0
B	9	21	app16_cpu_oversub	regime	mem	mod	0
B	9	22	app16_cpu_oversub	regime	mem	mod	0
B	9	23	app16_cpu_oversub	regime	mem	mod	0
B	9	24	app16_cpu_oversub	regime	mem	mod	0
B	9	25	app17_mem_pressure	mem	mem	hig	1
B	9	26	app17_mem_pressure	mem	mem	hig	1
B	9	27	app17_mem_pressure	mem	mem	hig	1
B	9	28	app17_mem_pressure	mem	mem	hig	1
B	10	1	app01_ml_llc	cache	mem	mod	0
B	10	2	app01_ml_llc	cache	mem	mod	0
B	10	3	app01_ml_llc	cache	mem	mod	0
B	10	4	app01_ml_llc	cache	mem	mod	0
B	10	5	app05_streaming	mem	mem	hig	1
B	10	6	app05_streaming	mem	mem	hig	1
B	10	7	app05_streaming	mem	mem	hig	1
B	10	8	app05_streaming	mem	mem	hig	1
B	10	9	app10_search	cpu	cpu	mod	1
B	10	10	app10_search	cpu	cpu	mod	1
B	10	11	app10_search	cpu	cpu	mod	1
B	10	12	app10_search	cpu	cpu	mod	1
B	10	13	app11_sort_net	net	mem	mod	0
B	10	14	app11_sort_net	net	mem	mod	0
B	10	15	app11_sort_net	net	mem	mod	0
B	10	16	app11_sort_net	net	mem	mod	0
B	10	17	app13_query_scan	disk	mem	low	0
B	10	18	app13_query_scan	disk	mem	low	0
B	10	19	app13_query_scan	disk	mem	low	0
B	10	20	app13_query_scan	disk	mem	low	0
B	10	21	app16_cpu_oversub	regime	mem	mod	0
B	10	22	app16_cpu_oversub	regime	mem	mod	0
B	10	23	app16_cpu_oversub	regime	mem	mod	0
B	10	24	app16_cpu_oversub	regime	mem	mod	0
B	10	25	app17_mem_pressure	mem	mem	hig	1
B	10	26	app17_mem_pressure	mem	mem	hig	1
B	10	27	app17_mem_pressure	mem	mem	hig	1
B	10	28	app17_mem_pressure	mem	mem	hig	1
