tier	true	predicted	count
T1	cache	cache	0
T1	cache	cpu	1440
T1	cache	disk	0
T1	cache	mem	0
T1	cache	net	0
T1	cpu	cache	0
T1	cpu	cpu	1440
T1	cpu	disk	0
T1	cpu	mem	0
T1	cpu	net	0
T1	disk	cache	4
T1	disk	cpu	0
T1	disk	disk	324
T1	disk	mem	1112
T1	disk	net	0
T1	mem	cache	0
T1	mem	cpu	1699
T1	mem	disk	0
T1	mem	mem	1181
T1	mem	net	0
T1	net	cache	0
T1	net	cpu	0
T1	net	disk	0
T1	net	mem	0
T1	net	net	1440
A	cache	cache	0
A	cache	cpu	1440
A	cache	disk	0
A	cache	mem	0
A	cache	net	0
A	cpu	cache	0
A	cpu	cpu	1440
A	cpu	disk	0
A	cpu	mem	0
A	cpu	net	0
A	disk	cache	11
A	disk	cpu	0
A	disk	disk	85
A	disk	mem	1344
A	disk	net	0
A	mem	cache	0
A	mem	cpu	16
A	mem	disk	0
A	mem	mem	716
A	mem	net	2148
A	net	cache	0
A	net	cpu	0
A	net	disk	0
A	net	mem	0
A	net	net	1440
B	cache	cache	650
B	cache	cpu	790
B	cache	disk	0
B	cache	mem	0
B	cache	net	0
B	cache	regime	0
B	cpu	cache	0
B	cpu	cpu	1440
B	cpu	disk	0
B	cpu	mem	0
B	cpu	net	0
B	cpu	regime	0
B	disk	cache	0
B	disk	cpu	0
B	disk	disk	17
B	disk	mem	1423
B	disk	net	0
B	disk	regime	0
B	mem	cache	0
B	mem	cpu	0
B	mem	disk	0
B	mem	mem	2880
B	mem	net	0
B	mem	regime	0
B	net	cache	0
B	net	cpu	0
B	net	disk	0
B	net	mem	0
B	net	net	1440
B	net	regime	0
B	regime	cache	0
B	regime	cpu	0
B	regime	disk	0
B	regime	mem	0
B	regime	net	0
B	regime	regime	1440
