tier	metric	class	value
T1	accuracy	-	0.6442
T1	macro_f1	-	0.6152
T1	recall	cache	0.0000
T1	precision	cache	0.0000
T1	recall	cpu	1.0000
T1	precision	cpu	0.3341
T1	recall	disk	0.8715
T1	precision	disk	1.0000
T1	recall	mem	0.4969
T1	precision	mem	0.9150
T1	recall	net	1.0000
T1	precision	net	1.0000
A	accuracy	-	0.4894
A	macro_f1	-	0.4488
A	recall	cache	0.0000
A	precision	cache	0.0000
A	recall	cpu	1.0000
A	precision	cpu	0.4991
A	recall	disk	0.7729
A	precision	disk	1.0000
A	recall	mem	0.0816
A	precision	mem	0.4242
A	recall	net	1.0000
A	precision	net	0.3981
B	accuracy	-	0.8788
B	macro_f1	-	0.8650
B	recall	cache	0.5701
B	precision	cache	1.0000
B	recall	cpu	1.0000
B	precision	cpu	0.6994
B	recall	disk	0.5813
B	precision	disk	1.0000
B	recall	mem	1.0000
B	precision	mem	0.8269
B	recall	net	1.0000
B	precision	net	1.0000
B	recall	regime	1.0000
B	precision	regime	1.0000
