containerPes	apps_per_host	rep	exit	elapsed	finished	cloudlets	intervals	idi_avg	interference_avg	migrations
48	1	1	0	57	1	28	6	0.0	0.0	0
48	1	2	0	57	1	28	6	0.0	0.0	0
48	1	3	0	58	1	28	6	0.0	0.0	0
48	1	4	0	57	1	28	6	0.0	0.0	0
48	1	5	0	57	1	28	6	0.0	0.0	0
48	1	6	0	56	1	28	6	0.0	0.0	0
48	1	7	0	56	1	28	6	0.0	0.0	0
48	1	8	0	56	1	28	6	0.0	0.0	0
48	1	9	0	58	1	28	6	0.0	0.0	0
48	1	10	0	58	1	28	6	0.0	0.0	0
32	1.5	1	0	57	1	28	6	0.0	0.0	0
32	1.5	2	0	58	1	28	6	0.0	0.0	0
32	1.5	3	0	56	1	28	6	0.0	0.0	0
32	1.5	4	0	59	1	28	6	0.0	0.0	0
32	1.5	5	0	57	1	28	6	0.0	0.0	0
32	1.5	6	0	58	1	28	6	0.0	0.0	0
32	1.5	7	0	58	1	28	6	0.0	0.0	0
32	1.5	8	0	56	1	28	6	0.0	0.0	0
32	1.5	9	0	56	1	28	6	0.0	0.0	0
32	1.5	10	0	55	1	28	6	0.0	0.0	0
24	2	1	0	56	1	28	6	62.1183	33.785	17
24	2	2	0	57	1	28	6	68.6133	33.6133	21
24	2	3	0	56	1	28	6	66.97	33.6367	20
24	2	4	0	56	1	28	6	56.955	33.6217	14
24	2	5	0	57	1	28	6	54.175	34.175	12
24	2	6	0	56	1	28	6	91.5483	33.215	35
24	2	7	0	56	1	28	6	113.145	33.145	48
24	2	8	0	56	1	28	6	55.5333	33.8667	13
24	2	9	0	56	1	28	6	103.2933	33.2933	42
24	2	10	0	56	1	28	6	61.7833	33.45	17
20	2.4	1	0	57	1	28	6	91.1867	47.8533	26
20	2.4	2	0	56	1	28	6	68.5467	48.5467	12
20	2.4	3	0	56	1	28	6	73.085	49.7517	14
20	2.4	4	0	56	1	28	6	142.7167	47.7167	57
20	2.4	5	0	56	1	28	6	81.545	48.2117	20
20	2.4	6	0	56	1	28	6	95.93	49.2633	28
20	2.4	7	0	56	1	28	6	84.58	47.9133	22
20	2.4	8	0	56	1	28	6	66.9333	50.2667	10
20	2.4	9	0	56	1	28	6	71.75	48.4167	14
20	2.4	10	0	57	1	28	6	66.3533	49.6867	10
17	2.82	1	0	56	1	28	6	83.9783	67.3117	10
17	2.82	2	0	56	1	28	6	96.4533	66.4533	18
17	2.82	3	0	56	1	28	6	94.765	68.0983	16
17	2.82	4	0	56	1	28	6	85.9633	69.2967	10
17	2.82	5	0	57	1	28	6	135.5583	67.225	41
17	2.82	6	0	56	1	28	6	105.5433	67.21	23
17	2.82	7	0	56	1	28	6	97.1617	67.1617	18
17	2.82	8	0	57	1	28	6	92.255	68.9217	14
17	2.82	9	0	56	1	28	6	91.255	67.9217	14
17	2.82	10	0	56	1	28	6	107.9333	66.2667	25
14	3.43	1	0	55	1	28	6	491.5267	408.1933	50
14	3.43	2	0	56	1	28	6	460.4683	423.8017	22
14	3.43	3	0	56	1	28	6	460.85	439.1833	13
14	3.43	4	0	56	1	28	6	455.37	423.7033	19
14	3.43	5	0	56	1	28	6	519.91	411.5767	65
14	3.43	6	0	55	1	28	6	475.055	408.3883	40
14	3.43	7	0	55	1	28	6	435.775	419.1083	10
14	3.43	8	0	56	1	28	6	483.89	418.89	39
14	3.43	9	0	56	1	28	6	450.7983	420.7983	18
14	3.43	10	0	56	1	28	6	465.855	410.855	33
12	4	1	0	56	1	28	6	4895.9433	4879.2767	10
12	4	2	0	56	1	28	6	4144.4883	4121.155	14
12	4	3	0	55	1	28	6	4439.6717	4423.005	10
12	4	4	0	56	1	28	6	4159.0467	4142.38	10
12	4	5	0	56	1	28	6	4355.2783	4335.2783	12
12	4	6	0	56	1	28	6	4482.36	4455.6933	16
12	4	7	0	56	1	28	6	4207.2067	4147.2067	36
12	4	8	0	56	1	28	6	4964.3683	4947.7017	10
12	4	9	0	56	1	28	6	4596.88	4568.5467	17
12	4	10	0	56	1	28	6	4178.9517	4137.285	25
