cell	n10_mean	n10_ci_lo	n10_ci_hi	n20_mean	n20_within_n10_ci
T1/T1	4821.8350	4666.4340	4991.7438	4813.7546	PASS
A/T1	5757.7890	5476.9564	6008.7490	5539.9084	PASS
B/T1	4911.5010	4719.2159	5140.5095	5095.1229	PASS
T1/A	4082.7410	3953.0016	4229.7150	4692.4929	FAIL
A/A	3856.2450	3707.7405	4010.6910	3958.7236	PASS
B/A	5020.3660	4379.4703	5857.1895	5513.6884	PASS
T1/B	3843.6080	3695.2427	4013.5859	3879.9296	PASS
A/B	3978.7150	3756.3295	4228.8165	4022.2788	PASS
B/B	3606.9440	3537.1060	3689.9197	3619.7270	PASS
T1/self	4770.9573	4690.0025	4858.9710	4813.7546	PASS
A/self	3908.2380	3804.5763	4016.7929	3958.7236	PASS
B/self	3593.4387	3545.7016	3656.5606	3619.7270	PASS
