reference	base	arm	mean_base	mean_arm	delta	ci_lo	ci_hi	welch_p	perm_p	holm_p	significant	n
T1	T1	A	4813.7546	5539.9084	726.1538	452.4980	989.3001	0.000016	0.000100	0.000900	yes	20
T1	T1	B	4813.7546	5095.1229	281.3682	34.1661	561.1720	0.049752	0.037096	0.111289	no	20
T1	A	B	5539.9084	5095.1229	-444.7855	-763.9920	-100.8910	0.014395	0.016398	0.065593	no	20
A	T1	A	4692.4929	3958.7236	-733.7694	-1153.9132	-310.0166	0.001892	0.002600	0.012999	yes	20
A	T1	B	4692.4929	5513.6884	821.1954	95.2953	1573.1352	0.045700	0.040796	0.111289	no	20
A	A	B	3958.7236	5513.6884	1554.9648	860.5944	2293.2744	0.000369	0.000100	0.000900	yes	20
B	T1	A	3879.9296	4022.2788	142.3492	-26.9519	308.1273	0.111750	0.116188	0.116188	no	20
B	T1	B	3879.9296	3619.7270	-260.2027	-416.5390	-93.8686	0.003390	0.001500	0.008999	yes	20
B	A	B	4022.2788	3619.7270	-402.5518	-549.7514	-242.5729	0.000012	0.000100	0.000900	yes	20
