tier	env	rep	self_idi	oracle_idi	oracle_ref
T1	vm	1	4967.0801	4967.0801	T1
T1	vm	1	4967.0801	4312.2020	A
T1	vm	1	4967.0801	4037.8055	B
T1	vm	2	4690.7448	4690.7448	T1
T1	vm	2	4690.7448	5304.1108	A
T1	vm	2	4690.7448	3898.4539	B
T1	vm	3	5182.8052	5182.8052	T1
T1	vm	3	5182.8052	4561.5662	A
T1	vm	3	5182.8052	3829.3114	B
T1	vm	4	4635.3753	4635.3753	T1
T1	vm	4	4635.3753	3850.8762	A
T1	vm	4	4635.3753	3572.5903	B
T1	vm	5	5028.7012	5028.7012	T1
T1	vm	5	5028.7012	4330.2771	A
T1	vm	5	5028.7012	3967.9807	B
T1	vm	6	4690.7448	4690.7448	T1
T1	vm	6	4690.7448	5304.1108	A
T1	vm	6	4690.7448	3899.4466	B
T1	vm	7	5033.5887	5033.5887	T1
T1	vm	7	5033.5887	5171.4046	A
T1	vm	7	5033.5887	3840.4143	B
T1	vm	8	4542.1898	4542.1898	T1
T1	vm	8	4542.1898	4074.2424	A
T1	vm	8	4542.1898	3574.3674	B
T1	vm	9	5043.7949	5043.7949	T1
T1	vm	9	5043.7949	5834.3551	A
T1	vm	9	5043.7949	4280.6042	B
T1	vm	10	4582.2972	4582.2972	T1
T1	vm	10	4582.2972	4356.0083	A
T1	vm	10	4582.2972	3772.2832	B
T1	vm	11	4530.9925	4530.9925	T1
T1	vm	11	4530.9925	3595.4758	A
T1	vm	11	4530.9925	3598.5478	B
T1	vm	12	4530.9925	4530.9925	T1
T1	vm	12	4530.9925	3938.0456	A
T1	vm	12	4530.9925	3573.4804	B
T1	vm	13	4497.8102	4497.8102	T1
T1	vm	13	4497.8102	3637.9537	A
T1	vm	13	4497.8102	3604.2916	B
T1	vm	14	5037.8818	5037.8818	T1
T1	vm	14	5037.8818	5065.8862	A
T1	vm	14	5037.8818	4300.5998	B
T1	vm	15	4622.9014	4622.9014	T1
T1	vm	15	4622.9014	5589.2836	A
T1	vm	15	4622.9014	3824.6510	B
T1	vm	16	4879.4354	4879.4354	T1
T1	vm	16	4879.4354	5507.3159	A
T1	vm	16	4879.4354	3676.7919	B
T1	vm	17	5654.6708	5654.6708	T1
T1	vm	17	5654.6708	5203.6829	A
T1	vm	17	5654.6708	4662.3689	B
T1	vm	18	4579.5227	4579.5227	T1
T1	vm	18	4579.5227	3974.7748	A
T1	vm	18	4579.5227	3769.4519	B
T1	vm	19	4684.1278	4684.1278	T1
T1	vm	19	4684.1278	4108.7896	A
T1	vm	19	4684.1278	3802.8378	B
T1	vm	20	4859.4354	4859.4354	T1
T1	vm	20	4859.4354	6129.4970	A
T1	vm	20	4859.4354	4112.3137	B
A	vm	1	3524.7343	4843.8448	T1
A	vm	1	3524.7343	3524.7343	A
A	vm	1	3524.7343	3879.2838	B
A	vm	2	4038.0606	6246.0849	T1
A	vm	2	4038.0606	4038.0606	A
A	vm	2	4038.0606	3818.9955	B
A	vm	3	5959.7264	5546.7085	T1
A	vm	3	5959.7264	5959.7264	A
A	vm	3	5959.7264	4248.4580	B
A	vm	4	3608.3702	5321.6693	T1
A	vm	4	3608.3702	3608.3702	A
A	vm	4	3608.3702	3867.9278	B
A	vm	5	3707.9881	4994.3450	T1
A	vm	5	3707.9881	3707.9881	A
A	vm	5	3707.9881	3956.1476	B
A	vm	6	3791.6614	6046.9486	T1
A	vm	6	3791.6614	3791.6614	A
A	vm	6	3791.6614	3885.7656	B
A	vm	7	3791.6614	6046.9486	T1
A	vm	7	3791.6614	3791.6614	A
A	vm	7	3791.6614	3874.4481	B
A	vm	8	4292.1132	5514.9907	T1
A	vm	8	4292.1132	4292.1132	A
A	vm	8	4292.1132	4488.6169	B
A	vm	9	3826.1949	4997.0032	T1
A	vm	9	3826.1949	3826.1949	A
A	vm	9	3826.1949	3837.4573	B
A	vm	10	3688.8311	6122.5017	T1
A	vm	10	3688.8311	3688.8311	A
A	vm	10	3688.8311	4258.4634	B
A	vm	11	3727.7520	5084.3897	T1
A	vm	11	3727.7520	3727.7520	A
A	vm	11	3727.7520	3948.5582	B
A	vm	12	3684.4643	4632.9084	T1
A	vm	12	3684.4643	3684.4643	A
A	vm	12	3684.4643	3668.8634	B
A	vm	13	3702.2982	5070.9555	T1
A	vm	13	3702.2982	3702.2982	A
A	vm	13	3702.2982	4097.4454	B
A	vm	14	5214.5742	6258.5458	T1
A	vm	14	5214.5742	5214.5742	A
A	vm	14	5214.5742	4656.3700	B
A	vm	15	3900.7139	5841.5186	T1
A	vm	15	3900.7139	3900.7139	A
A	vm	15	3900.7139	3829.9107	B
A	vm	16	3920.7176	5957.9242	T1
A	vm	16	3920.7176	3920.7176	A
A	vm	16	3920.7176	4451.4261	B
A	vm	17	3791.6614	6046.9486	T1
A	vm	17	3791.6614	3791.6614	A
A	vm	17	3791.6614	4116.5055	B
A	vm	18	3722.0586	6237.9353	T1
A	vm	18	3722.0586	3722.0586	A
A	vm	18	3722.0586	3919.3973	B
A	vm	19	3710.4655	5097.3317	T1
A	vm	19	3710.4655	3710.4655	A
A	vm	19	3710.4655	3858.3291	B
A	vm	20	3570.4240	4888.6648	T1
A	vm	20	3570.4240	3570.4240	A
A	vm	20	3570.4240	3783.2062	B
B	vm	1	3521.9362	4884.9862	T1
B	vm	1	3521.9362	3789.8464	A
B	vm	1	3521.9362	3521.9362	B
B	vm	2	3541.2014	5240.6296	T1
B	vm	2	3541.2014	8107.0414	A
B	vm	2	3541.2014	3541.2014	B
B	vm	3	3553.8458	4679.4162	T1
B	vm	3	3553.8458	4016.6422	A
B	vm	3	3553.8458	3553.8458	B
B	vm	4	3760.2556	5396.3571	T1
B	vm	4	3760.2556	6705.6988	A
B	vm	4	3760.2556	3760.2556	B
B	vm	5	3504.9872	4582.6047	T1
B	vm	5	3504.9872	4105.3186	A
B	vm	5	3504.9872	3504.9872	B
B	vm	6	3615.7632	5000.8905	T1
B	vm	6	3615.7632	5035.8936	A
B	vm	6	3615.7632	3615.7632	B
B	vm	7	3552.6568	5404.9257	T1
B	vm	7	3552.6568	5139.4490	A
B	vm	7	3552.6568	3552.6568	B
B	vm	8	3598.5462	4941.1523	T1
B	vm	8	3598.5462	5686.5686	A
B	vm	8	3598.5462	3598.5462	B
B	vm	9	3513.7686	4719.8311	T1
B	vm	9	3513.7686	3776.1117	A
B	vm	9	3513.7686	3513.7686	B
B	vm	10	3558.6831	4702.9127	T1
B	vm	10	3558.6831	3812.8903	A
B	vm	10	3558.6831	3558.6831	B
B	vm	11	3571.8069	5110.6358	T1
B	vm	11	3571.8069	5358.0868	A
B	vm	11	3571.8069	3571.8069	B
B	vm	12	3508.3532	4676.6158	T1
B	vm	12	3508.3532	4966.1835	A
B	vm	12	3508.3532	3508.3532	B
B	vm	13	3579.6962	5484.9628	T1
B	vm	13	3579.6962	8240.7615	A
B	vm	13	3579.6962	3579.6962	B
B	vm	14	3594.8129	5662.9065	T1
B	vm	14	3594.8129	8176.3244	A
B	vm	14	3594.8129	3594.8129	B
B	vm	15	3577.5969	5043.5671	T1
B	vm	15	3577.5969	4370.6849	A
B	vm	15	3577.5969	3577.5969	B
B	vm	16	3507.9675	4632.9084	T1
B	vm	16	3507.9675	3871.4407	A
B	vm	16	3507.9675	3507.9675	B
B	vm	17	4597.0579	6963.2024	T1
B	vm	17	4597.0579	5692.9979	A
B	vm	17	4597.0579	4597.0579	B
B	vm	18	3587.0393	5163.7140	T1
B	vm	18	3587.0393	5680.2188	A
B	vm	18	3587.0393	3587.0393	B
B	vm	19	3621.1336	4873.3121	T1
B	vm	19	3621.1336	8062.2288	A
B	vm	19	3621.1336	3621.1336	B
B	vm	20	3527.4308	4736.9265	T1
B	vm	20	3527.4308	5679.3794	A
B	vm	20	3527.4308	3527.4308	B
