tier	rep	self	ref_T1	ref_A	ref_B
T1	1	4967.0801	4967.0801	4312.2020	4037.8055
T1	2	4690.7448	4690.7448	5304.1108	3898.4539
T1	3	5182.8052	5182.8052	4561.5662	3829.3114
T1	4	4635.3753	4635.3753	3850.8762	3572.5903
T1	5	5028.7012	5028.7012	4330.2771	3967.9807
T1	6	4690.7448	4690.7448	5304.1108	3899.4466
T1	7	5033.5887	5033.5887	5171.4046	3840.4143
T1	8	4542.1898	4542.1898	4074.2424	3574.3674
T1	9	5043.7949	5043.7949	5834.3551	4280.6042
T1	10	4582.2972	4582.2972	4356.0083	3772.2832
T1	11	4530.9925	4530.9925	3595.4758	3598.5478
T1	12	4530.9925	4530.9925	3938.0456	3573.4804
T1	13	4497.8102	4497.8102	3637.9537	3604.2916
T1	14	5037.8818	5037.8818	5065.8862	4300.5998
T1	15	4622.9014	4622.9014	5589.2836	3824.6510
T1	16	4879.4354	4879.4354	5507.3159	3676.7919
T1	17	5654.6708	5654.6708	5203.6829	4662.3689
T1	18	4579.5227	4579.5227	3974.7748	3769.4519
T1	19	4684.1278	4684.1278	4108.7896	3802.8378
T1	20	4859.4354	4859.4354	6129.4970	4112.3137
A	1	3524.7343	4843.8448	3524.7343	3879.2838
A	2	4038.0606	6246.0849	4038.0606	3818.9955
A	3	5959.7264	5546.7085	5959.7264	4248.4580
A	4	3608.3702	5321.6693	3608.3702	3867.9278
A	5	3707.9881	4994.3450	3707.9881	3956.1476
A	6	3791.6614	6046.9486	3791.6614	3885.7656
A	7	3791.6614	6046.9486	3791.6614	3874.4481
A	8	4292.1132	5514.9907	4292.1132	4488.6169
A	9	3826.1949	4997.0032	3826.1949	3837.4573
A	10	3688.8311	6122.5017	3688.8311	4258.4634
A	11	3727.7520	5084.3897	3727.7520	3948.5582
A	12	3684.4643	4632.9084	3684.4643	3668.8634
A	13	3702.2982	5070.9555	3702.2982	4097.4454
A	14	5214.5742	6258.5458	5214.5742	4656.3700
A	15	3900.7139	5841.5186	3900.7139	3829.9107
A	16	3920.7176	5957.9242	3920.7176	4451.4261
A	17	3791.6614	6046.9486	3791.6614	4116.5055
A	18	3722.0586	6237.9353	3722.0586	3919.3973
A	19	3710.4655	5097.3317	3710.4655	3858.3291
A	20	3570.4240	4888.6648	3570.4240	3783.2062
B	1	3521.9362	4884.9862	3789.8464	3521.9362
B	2	3541.2014	5240.6296	8107.0414	3541.2014
B	3	3553.8458	4679.4162	4016.6422	3553.8458
B	4	3760.2556	5396.3571	6705.6988	3760.2556
B	5	3504.9872	4582.6047	4105.3186	3504.9872
B	6	3615.7632	5000.8905	5035.8936	3615.7632
B	7	3552.6568	5404.9257	5139.4490	3552.6568
B	8	3598.5462	4941.1523	5686.5686	3598.5462
B	9	3513.7686	4719.8311	3776.1117	3513.7686
B	10	3558.6831	4702.9127	3812.8903	3558.6831
B	11	3571.8069	5110.6358	5358.0868	3571.8069
B	12	3508.3532	4676.6158	4966.1835	3508.3532
B	13	3579.6962	5484.9628	8240.7615	3579.6962
B	14	3594.8129	5662.9065	8176.3244	3594.8129
B	15	3577.5969	5043.5671	4370.6849	3577.5969
B	16	3507.9675	4632.9084	3871.4407	3507.9675
B	17	4597.0579	6963.2024	5692.9979	4597.0579
B	18	3587.0393	5163.7140	5680.2188	3587.0393
B	19	3621.1336	4873.3121	8062.2288	3621.1336
B	20	3527.4308	4736.9265	5679.3794	3527.4308
