ref	cloudlet	workload	pattern	cost	cpu	mem	disk	net	cache	regime
T1	1	app01_ml_llc	con	2.4702	hig	hig	abs	abs	abs	NA
T1	2	app01_ml_llc	dec	2.4702	hig	hig	abs	abs	abs	NA
T1	3	app01_ml_llc	inc	2.4702	hig	hig	abs	abs	abs	NA
T1	4	app01_ml_llc	osc	2.4702	hig	hig	abs	abs	abs	NA
T1	5	app05_streaming	con	1.518	hig	low	abs	abs	abs	NA
T1	6	app05_streaming	dec	1.518	hig	low	abs	abs	abs	NA
T1	7	app05_streaming	inc	1.518	hig	low	abs	abs	abs	NA
T1	8	app05_streaming	osc	1.518	hig	low	abs	abs	abs	NA
T1	9	app10_search	con	2.4702	hig	hig	abs	abs	abs	NA
T1	10	app10_search	dec	2.4702	hig	hig	abs	abs	abs	NA
T1	11	app10_search	inc	2.4702	hig	hig	abs	abs	abs	NA
T1	12	app10_search	osc	2.4702	hig	hig	abs	abs	abs	NA
T1	13	app11_sort_net	con	2.8998	abs	hig	abs	hig	abs	NA
T1	14	app11_sort_net	dec	2.8998	abs	hig	abs	hig	abs	NA
T1	15	app11_sort_net	inc	2.8998	abs	hig	abs	hig	abs	NA
T1	16	app11_sort_net	osc	2.8998	abs	hig	abs	hig	abs	NA
T1	17	app13_query_scan	con	1.331	abs	low	low	abs	abs	NA
T1	18	app13_query_scan	dec	1.331	abs	low	low	abs	abs	NA
T1	19	app13_query_scan	inc	1.331	abs	low	low	abs	abs	NA
T1	20	app13_query_scan	osc	1.331	abs	low	low	abs	abs	NA
T1	21	app16_cpu_oversub	con	2.4702	hig	hig	abs	abs	abs	NA
T1	22	app16_cpu_oversub	dec	2.4702	hig	hig	abs	abs	abs	NA
T1	23	app16_cpu_oversub	inc	2.4702	hig	hig	abs	abs	abs	NA
T1	24	app16_cpu_oversub	osc	2.4702	hig	hig	abs	abs	abs	NA
T1	25	app17_mem_pressure	con	1.518	hig	low	abs	abs	abs	NA
T1	26	app17_mem_pressure	dec	1.518	hig	low	abs	abs	abs	NA
T1	27	app17_mem_pressure	inc	1.518	hig	low	abs	abs	abs	NA
T1	28	app17_mem_pressure	osc	1.518	hig	low	abs	abs	abs	NA
A	1	app01_ml_llc	con	1.518	hig	low	abs	abs	abs	NA
A	2	app01_ml_llc	dec	1.518	hig	low	abs	abs	abs	NA
A	3	app01_ml_llc	inc	1.518	hig	low	abs	abs	abs	NA
A	4	app01_ml_llc	osc	1.518	hig	low	abs	abs	abs	NA
A	5	app05_streaming	con	1.573	abs	low	abs	mod	abs	NA
A	6	app05_streaming	dec	1.573	abs	low	abs	mod	abs	NA
A	7	app05_streaming	inc	1.573	abs	low	abs	mod	abs	NA
A	8	app05_streaming	osc	1.573	abs	low	abs	mod	abs	NA
A	9	app10_search	con	1.518	hig	low	abs	abs	abs	NA
A	10	app10_search	dec	1.518	hig	low	abs	abs	abs	NA
A	11	app10_search	inc	1.518	hig	low	abs	abs	abs	NA
A	12	app10_search	osc	1.518	hig	low	abs	abs	abs	NA
A	13	app11_sort_net	con	1.782	abs	low	abs	hig	abs	NA
A	14	app11_sort_net	dec	1.782	abs	low	abs	hig	abs	NA
A	15	app11_sort_net	inc	1.782	abs	low	abs	hig	abs	NA
A	16	app11_sort_net	osc	1.782	abs	low	abs	hig	abs	NA
A	17	app13_query_scan	con	2.541	abs	low	hig	abs	abs	NA
A	18	app13_query_scan	dec	2.541	abs	low	hig	abs	abs	NA
A	19	app13_query_scan	inc	2.541	abs	low	hig	abs	abs	NA
A	20	app13_query_scan	osc	2.541	abs	low	hig	abs	abs	NA
A	21	app16_cpu_oversub	con	1.518	hig	low	abs	abs	abs	NA
A	22	app16_cpu_oversub	dec	1.518	hig	low	abs	abs	abs	NA
A	23	app16_cpu_oversub	inc	1.518	hig	low	abs	abs	abs	NA
A	24	app16_cpu_oversub	osc	1.518	hig	low	abs	abs	abs	NA
A	25	app17_mem_pressure	con	3.532386	hig	hig	abs	mod	abs	NA
A	26	app17_mem_pressure	dec	3.532386	hig	hig	abs	mod	abs	NA
A	27	app17_mem_pressure	inc	3.532386	hig	hig	abs	mod	abs	NA
A	28	app17_mem_pressure	osc	3.532386	hig	hig	abs	mod	abs	NA
B	1	app01_ml_llc	con	1.96392	low	mod	abs	abs	low	abs
B	2	app01_ml_llc	dec	1.96392	low	mod	abs	abs	low	abs
B	3	app01_ml_llc	inc	1.96392	low	mod	abs	abs	low	abs
B	4	app01_ml_llc	osc	1.96392	low	mod	abs	abs	low	abs
B	5	app05_streaming	con	1.79	abs	hig	abs	abs	abs	abs
B	6	app05_streaming	dec	1.79	abs	hig	abs	abs	abs	abs
B	7	app05_streaming	inc	1.79	abs	hig	abs	abs	abs	abs
B	8	app05_streaming	osc	1.79	abs	hig	abs	abs	abs	abs
B	9	app10_search	con	1.9539	mod	mod	abs	abs	abs	abs
B	10	app10_search	dec	1.9539	mod	mod	abs	abs	abs	abs
B	11	app10_search	inc	1.9539	mod	mod	abs	abs	abs	abs
B	12	app10_search	osc	1.9539	mod	mod	abs	abs	abs	abs
B	13	app11_sort_net	con	2.3881	abs	mod	abs	mod	abs	abs
B	14	app11_sort_net	dec	2.3881	abs	mod	abs	mod	abs	abs
B	15	app11_sort_net	inc	2.3881	abs	mod	abs	mod	abs	abs
B	16	app11_sort_net	osc	2.3881	abs	mod	abs	mod	abs	abs
B	17	app13_query_scan	con	1.1	abs	low	abs	abs	abs	abs
B	18	app13_query_scan	dec	1.331	abs	low	low	abs	abs	abs
B	19	app13_query_scan	inc	1.1	abs	low	abs	abs	abs	abs
B	20	app13_query_scan	osc	1.1	abs	low	abs	abs	abs	abs
B	21	app16_cpu_oversub	con	2.5885	abs	mod	abs	abs	abs	mod
B	22	app16_cpu_oversub	dec	2.5885	abs	mod	abs	abs	abs	mod
B	23	app16_cpu_oversub	inc	2.5885	abs	mod	abs	abs	abs	mod
B	24	app16_cpu_oversub	osc	2.5885	abs	mod	abs	abs	abs	mod
B	25	app17_mem_pressure	con	1.79	abs	hig	abs	abs	abs	abs
B	26	app17_mem_pressure	dec	1.79	abs	hig	abs	abs	abs	abs
B	27	app17_mem_pressure	inc	1.79	abs	hig	abs	abs	abs	abs
B	28	app17_mem_pressure	osc	1.79	abs	hig	abs	abs	abs	abs
