arm	top_multiplier	ramp	tier	rep	idi_avg	idi_sum	migrations	interference_avg	y6_score	source
top1.0	1.0	1.00,1.00,1.00	B	1	3182.4817	19094.89	21	3147.4817	7368.2446	s7-mult-top1.0-idi.tsv
top1.0	1.0	1.00,1.00,1.00	B	2	3328.9583	19973.75	24	3288.9583	6472.1358	s7-mult-top1.0-idi.tsv
top1.0	1.0	1.00,1.00,1.00	B	3	3212.78	19276.68	33	3157.78	6223.2095	s7-mult-top1.0-idi.tsv
top1.0	1.0	1.00,1.00,1.00	B	4	3154.225	18925.35	12	3134.225	8028.0709	s7-mult-top1.0-idi.tsv
top1.0	1.0	1.00,1.00,1.00	B	5	3329.605	19977.63	10	3312.9383	7307.5282	s7-mult-top1.0-idi.tsv
top1.0	1.0	1.00,1.00,1.00	B	6	3274.0933	19644.56	16	3247.4267	6970.8134	s7-mult-top1.0-idi.tsv
top1.0	1.0	1.00,1.00,1.00	B	7	3203.2183	19219.31	14	3179.885	7496.0839	s7-mult-top1.0-idi.tsv
top1.0	1.0	1.00,1.00,1.00	B	8	3354.5967	20127.58	14	3331.2633	6685.8180	s7-mult-top1.0-idi.tsv
top1.0	1.0	1.00,1.00,1.00	B	9	3189.1	19134.6	33	3134.1	7512.8250	s7-mult-top1.0-idi.tsv
top1.0	1.0	1.00,1.00,1.00	B	10	3413.6167	20481.7	12	3393.6167	6980.4582	s7-mult-top1.0-idi.tsv
top1.5	1.5	0.9231,1.1923,1.50	B	1	3771.8033	22630.82	10	3755.1367	7442.3555	s7-mult-top1.5-idi.tsv
top1.5	1.5	0.9231,1.1923,1.50	B	2	3505.525	21033.15	40	3438.8583	6449.7654	s7-mult-top1.5-idi.tsv
top1.5	1.5	0.9231,1.1923,1.50	B	3	3579.0533	21474.32	33	3524.0533	6686.8002	s7-mult-top1.5-idi.tsv
top1.5	1.5	0.9231,1.1923,1.50	B	4	3560.9067	21365.44	24	3520.9067	6379.0456	s7-mult-top1.5-idi.tsv
top1.5	1.5	0.9231,1.1923,1.50	B	5	3670.8367	22025.02	25	3629.17	6833.9694	s7-mult-top1.5-idi.tsv
top1.5	1.5	0.9231,1.1923,1.50	B	6	3489.5017	20937.01	36	3429.5017	6923.6655	s7-mult-top1.5-idi.tsv
top1.5	1.5	0.9231,1.1923,1.50	B	7	3508.6467	21051.88	33	3453.6467	6267.4423	s7-mult-top1.5-idi.tsv
top1.5	1.5	0.9231,1.1923,1.50	B	8	3652.9667	21917.8	12	3632.9667	6397.0097	s7-mult-top1.5-idi.tsv
top1.5	1.5	0.9231,1.1923,1.50	B	9	3573.435	21440.61	17	3545.1017	6557.4513	s7-mult-top1.5-idi.tsv
top1.5	1.5	0.9231,1.1923,1.50	B	10	3564.5783	21387.47	23	3526.245	6984.8228	s7-mult-top1.5-idi.tsv
top1.95	1.95	1.20,1.55,1.95	B	1	4488.1483	26928.89	16	4461.4817	6600.5361	s7-mult-top1.95-idi.tsv
top1.95	1.95	1.20,1.55,1.95	B	2	4449.6733	26698.04	25	4408.0067	6707.7376	s7-mult-top1.95-idi.tsv
top1.95	1.95	1.20,1.55,1.95	B	3	4186.2483	25117.49	24	4146.2483	6541.3960	s7-mult-top1.95-idi.tsv
top1.95	1.95	1.20,1.55,1.95	B	4	4163.7417	24982.45	10	4147.075	7234.7405	s7-mult-top1.95-idi.tsv
top1.95	1.95	1.20,1.55,1.95	B	5	4480.8817	26885.29	18	4450.8817	6915.0832	s7-mult-top1.95-idi.tsv
top1.95	1.95	1.20,1.55,1.95	B	6	4462.23	26773.38	19	4430.5633	7139.5417	s7-mult-top1.95-idi.tsv
top1.95	1.95	1.20,1.55,1.95	B	7	4261.66	25569.96	21	4226.66	6650.0666	s7-mult-top1.95-idi.tsv
top1.95	1.95	1.20,1.55,1.95	B	8	4262.5967	25575.58	27	4217.5967	7078.3122	s7-mult-top1.95-idi.tsv
top1.95	1.95	1.20,1.55,1.95	B	9	4162.3383	24974.03	28	4115.6717	6591.8504	s7-mult-top1.95-idi.tsv
top1.95	1.95	1.20,1.55,1.95	B	10	4156.5283	24939.17	29	4108.195	6349.1318	s7-mult-top1.95-idi.tsv
top2.5	2.5	1.5385,1.9872,2.50	B	1	6639.1433	39834.86	10	6622.4767	7029.2453	s7-mult-top2.5-idi.tsv
top2.5	2.5	1.5385,1.9872,2.50	B	2	5343.8517	32063.11	39	5278.8517	6370.4896	s7-mult-top2.5-idi.tsv
top2.5	2.5	1.5385,1.9872,2.50	B	3	5532.3317	33193.99	10	5515.665	6732.2030	s7-mult-top2.5-idi.tsv
top2.5	2.5	1.5385,1.9872,2.50	B	4	5957.0567	35742.34	18	5927.0567	6333.5246	s7-mult-top2.5-idi.tsv
top2.5	2.5	1.5385,1.9872,2.50	B	5	5908.5583	35451.35	10	5891.8917	6515.6233	s7-mult-top2.5-idi.tsv
top2.5	2.5	1.5385,1.9872,2.50	B	6	5229.2533	31375.52	20	5195.92	6211.4960	s7-mult-top2.5-idi.tsv
top2.5	2.5	1.5385,1.9872,2.50	B	7	5967.3183	35803.91	12	5947.3183	6821.5427	s7-mult-top2.5-idi.tsv
top2.5	2.5	1.5385,1.9872,2.50	B	8	5197.9683	31187.81	43	5126.3017	6470.8521	s7-mult-top2.5-idi.tsv
top2.5	2.5	1.5385,1.9872,2.50	B	9	6289.185	37735.11	14	6265.8517	7384.7736	s7-mult-top2.5-idi.tsv
top2.5	2.5	1.5385,1.9872,2.50	B	10	5890.1633	35340.98	16	5863.4967	6479.9020	s7-mult-top2.5-idi.tsv
