containerPes	ratio	rep	idi_avg	idi_sum	migrations	interference_avg	elapsed
48	1.0	1	0	0	0	0	401
48	1.0	2	0	0	0	0	400
48	1.0	3	0	0	0	0	400
48	1.0	4	0	0	0	0	400
48	1.0	5	0	0	0	0	401
32	1.5	1	0	0	0	0	400
32	1.5	2	0	0	0	0	400
32	1.5	3	0	0	0	0	400
32	1.5	4	0	0	0	0	401
32	1.5	5	0	0	0	0	400
24	2.0	1	68.2333	409.4	21	33.2333	55
24	2.0	2	59.9567	359.74	16	33.29	55
24	2.0	3	63.7367	382.42	18	33.7367	55
24	2.0	4	71.7517	430.51	23	33.4183	58
24	2.0	5	55.97	335.82	13	34.3033	62
17	2.82	1	130.1	780.6	38	66.7667	59
17	2.82	2	84.9183	509.51	10	68.2517	56
17	2.82	3	137.8117	826.87	43	66.145	55
17	2.82	4	116.1683	697.01	30	66.1683	58
17	2.82	5	118.5233	711.14	31	66.8567	58
12	4.0	1	4170.0083	25020.05	42	4100.0083	57
12	4.0	2	4179.78	25078.68	12	4159.78	57
12	4.0	3	4163.14	24978.84	21	4128.14	58
12	4.0	4	4170.7483	25024.49	38	4107.415	58
12	4.0	5	4634.825	27808.95	10	4618.1583	59
