tier	env	rep	idi_avg	idi_sum	migrations	interference_avg	self_idi	oracle_idi	oracle_ref
T1	vm	1	6126.195	36757.17	18	6096.195	4579.52	4230.89	A
T1	vm	2	6304.665	37827.99	18	6274.665	4643.66	3950.48	A
T1	vm	3	6479.6767	38878.06	20	6446.3433	5002.0	3880.97	A
T1	vm	4	6290.0583	37740.35	14	6266.725	4722.75	3798.3	A
T1	vm	5	6777.3267	40663.96	14	6753.9933	4901.94	4164.92	A
T1	vm	6	6115.9833	36695.9	25	6074.3167	4610.48	4048.29	A
T1	vm	7	6410.5733	38463.44	19	6378.9067	4528.22	4314.98	A
T1	vm	8	6647.2033	39883.22	24	6607.2033	4594.27	3956.19	A
T1	vm	9	6342.835	38057.01	15	6317.835	4681.39	4575.74	A
T1	vm	10	6540.2283	39241.37	17	6511.895	4540.22	3906.65	A
A	vm	1	3285.9967	19715.98	17	3257.6633	3636.64	3636.64	A
A	vm	2	3973.8733	23843.24	12	3953.8733	4032.0	4032.0	A
A	vm	3	3346.27	20077.62	14	3322.9367	3527.84	3527.84	A
A	vm	4	3479.1133	20874.68	18	3449.1133	3839.59	3839.59	A
A	vm	5	3952.1217	23712.73	12	3932.1217	4176.01	4176.01	A
A	vm	6	3605.1083	21630.65	28	3558.4417	3741.07	3741.07	A
A	vm	7	3998.0867	23988.52	10	3981.42	4248.41	4248.41	A
A	vm	8	3369.505	20217.03	21	3334.505	3595.57	3595.57	A
A	vm	9	3879.2717	23275.63	11	3860.9383	4077.38	4077.38	A
A	vm	10	3437.2433	20623.46	25	3395.5767	3687.94	3687.94	A
B	vm	1	4159.06	24954.36	15	4134.06	3548.05	5511.72	A
B	vm	2	5003.7067	30022.24	10	4987.04	4323.81	4178.54	A
B	vm	3	4168.72	25012.32	16	4142.0533	3589.18	5329.13	A
B	vm	4	4174.4633	25046.78	17	4146.13	3547.3	3956.29	A
B	vm	5	4453.6617	26721.97	14	4430.3283	3632.25	4955.57	A
B	vm	6	4457.28	26743.68	19	4425.6133	3528.91	5038.1	A
B	vm	7	4367.75	26206.5	24	4327.75	3519.22	5328.6	A
B	vm	8	4178.415	25070.49	34	4121.7483	3497.23	4029.73	A
B	vm	9	4350.93	26105.58	32	4297.5967	3504.51	3776.11	A
B	vm	10	4385.7417	26314.45	14	4362.4083	3523.12	8099.87	A
