arm	tier	n	mean	sd	ref_mean	delta	ci_lo	ci_hi	welch_p	pct_of_default	oracle_ref	self_mean	oracle_mean	paired_delta	paired_ci_lo	paired_ci_hi
gate-B-psp-rerun-n10	B	10	4298.02	168.91	4283.51	14.51	-99.53	130.21	0.8172	100.34						
gate-T1-A-rerun-n10	T1	10	6435.66	253.21	6520.88	-85.22	-270.54	99.17	0.4027							
gate-T1-A-rerun-n10	A	10	3612.60	325.82	3618.79	-6.19	-247.42	235.34	0.9622							
e4-ramp-step-B-psp-n10	B	10	5284.13	339.92	4288.35	995.77	807.03	1212.68	3.805e-06	123.22						
e4-ramp-measured-B-psp-n10	B	10	3723.23	188.53	4288.35	-565.12	-679.36	-438.36	1.043e-06	86.82						
e4-ramp-convex-B-psp-n10	B	10	4358.31	233.95	4288.35	69.96	-64.82	225.65	0.3921	101.63						
e5-degtable-paper-B-psp-n10	B	10	3507.06	159.07	4288.35	-781.29	-885.70	-672.24	1.115e-09	81.78						
e5-degtable-paper-T1A-n10	T1	10	5016.30	228.76	6435.66	-1419.36	-1625.12	-1218.88	1.304e-10	77.95						
e5-degtable-paper-T1A-n10	A	10	2499.65	141.50	3612.60	-1112.96	-1322.68	-909.04	3.262e-07	69.19						
e1-startup-0-B-psp-n10	B	10	4298.20	147.76	4288.35	9.85	-88.81	112.77	0.8572	100.23						
e1-startup-10-B-psp-n10	B	10	4411.64	256.12	4288.35	123.29	-26.93	294.71	0.1761	102.87						
e1-startup-50-B-psp-n10	B	10	4340.37	180.20	4288.35	52.02	-62.43	172.81	0.4232	101.21						
e1-startup-0-T1A-n10	T1	10	6383.07	248.21	6435.66	-52.59	-258.07	158.28	0.6447	99.18						
e1-startup-0-T1A-n10	A	10	3469.76	154.87	3612.60	-142.85	-355.35	65.24	0.2328	96.05						
e1-startup-10-T1A-n10	T1	10	6522.44	165.48	6435.66	86.78	-94.35	259.89	0.3782	101.35						
e1-startup-10-T1A-n10	A	10	3622.03	270.60	3612.60	9.43	-239.19	258.66	0.9447	100.26						
e1-startup-50-T1A-n10	T1	10	6561.89	134.51	6435.66	126.23	-45.53	290.48	0.186	101.96						
e1-startup-50-T1A-n10	A	10	3608.52	279.71	3612.60	-4.08	-251.27	247.38	0.9764	99.89						
oracle-refB	T1	10	3843.61	275.88					1.911e-09		B	4810.59	3843.61	-966.98	-1043.82	-893.23
oracle-refB	A	10	3978.71	402.15					0.02852		B	3817.03	3978.71	161.69	56.22	283.64
oracle-refB	B	10	3606.94	128.39							B	3606.94	3606.94	0.00	0.00	0.00
oracle-refT1	T1	10	4821.84	275.79							T1	4821.84	4821.84	0.00	0.00	0.00
oracle-refT1	A	10	5757.79	459.39					8.776e-06		T1	4051.44	5757.79	1706.35	1351.77	2055.03
oracle-refT1	B	10	4911.50	361.63					2.276e-07		T1	3552.01	4911.50	1359.49	1188.93	1553.13
oracle-refA	T1	10	4082.74	238.75					0.0001802		A	4680.44	4082.74	-597.70	-779.82	-414.26
oracle-refA	A	10	3856.24	258.57							A	3856.24	3856.24	0.00	0.00	0.00
oracle-refA	B	10	5020.37	1260.07					0.009126		A	3621.36	5020.37	1399.01	704.60	2262.16
