tier	env	rep	idi_avg	idi_sum	migrations	interference_avg	self_idi	oracle_idi
T1	vm	1	6663.6067	39981.64	11	6645.2733	5396.47	4377.32
T1	vm	2	6552.01	39312.06	12	6532.01	5058.57	4148.72
T1	vm	3	6725.435	40352.61	10	6708.7683	4864.83	4144.06
T1	vm	4	5946.2717	35677.63	31	5894.605	4620.63	3637.46
T1	vm	5	6508.305	39049.83	22	6471.6383	4613.25	3664.46
T1	vm	6	6378.2483	38269.49	16	6351.5817	4540.22	3577.31
T1	vm	7	6283.9583	37703.75	20	6250.625	4727.8	3733.39
T1	vm	8	6547.7467	39286.48	27	6502.7467	4542.19	3631.12
T1	vm	9	6639.87	39839.22	21	6604.87	4722.98	3747.27
T1	vm	10	6632.7233	39796.34	12	6612.7233	5018.98	3774.97
A	vm	1	3280.34	19682.04	24	3240.34	3667.17	3686.54
A	vm	2	3336.1433	20016.86	17	3307.81	3688.18	4293.91
A	vm	3	3872.56	23235.36	19	3840.8933	3684.38	3840.3
A	vm	4	3202.4517	19214.71	33	3147.4517	3630.97	3600.71
A	vm	5	3781.9233	22691.54	10	3765.2567	4253.39	4487.96
A	vm	6	3333.48	20000.88	16	3306.8133	3545.41	3742.9
A	vm	7	3535.5833	21213.5	21	3500.5833	3522.06	3586.6
A	vm	8	3708.7817	22252.69	10	3692.115	4419.66	4757.39
A	vm	9	3426.975	20561.85	10	3410.3083	3818.46	3795.7
A	vm	10	3508.955	21053.73	10	3492.2883	3940.61	3995.14
B	vm	1	4229.5917	25377.55	44	4156.2583	3513.42	3513.42
B	vm	2	4163.9983	24983.99	28	4117.3317	3519.31	3519.31
B	vm	3	4362.07	26172.42	35	4303.7367	3504.75	3504.75
B	vm	4	4149.0717	24894.43	19	4117.405	3512.25	3512.25
B	vm	5	4719.6	28317.6	12	4699.6	3835.47	3835.47
B	vm	6	4255.9283	25535.57	10	4239.2617	3666.78	3666.78
B	vm	7	4368.3267	26209.96	42	4298.3267	3521.92	3521.92
B	vm	8	4605.55	27633.3	10	4588.8833	3821.92	3821.92
B	vm	9	4171.1383	25026.83	16	4144.4717	3621.89	3621.89
B	vm	10	4169.0667	25014.4	17	4140.7333	3551.73	3551.73
